nodo,latitud,longitud,fuente,observacion
Barbosa,5.932531,-73.615965,"DANE, DIVIPOLA Códigos municipios (datos.gov.co/resource/gdxc-w37w), corte 30-12-2024, descargado 7-10-2026","Barbosa, Santander (cód. 68077); cabecera municipal; extremo INVÍAS más cercano a 0.79 km"
Bogotá,4.649251,-74.106992,"DANE, DIVIPOLA Códigos municipios (datos.gov.co/resource/gdxc-w37w), corte 30-12-2024, descargado 7-10-2026","Bogotá, D.C., Bogotá, D.C. (cód. 11001); cabecera municipal; extremo INVÍAS más cercano a 8.50 km"
Bucaramanga,7.116470,-73.132562,"DANE, DIVIPOLA Códigos municipios (datos.gov.co/resource/gdxc-w37w), corte 30-12-2024, descargado 7-10-2026","Bucaramanga, Santander (cód. 68001); cabecera municipal; extremo INVÍAS más cercano a 3.93 km"
Cajicá,4.920009,-74.022980,"DANE, DIVIPOLA Códigos municipios (datos.gov.co/resource/gdxc-w37w), corte 30-12-2024, descargado 7-10-2026","Cajicá, Cundinamarca (cód. 25126); cabecera municipal; extremo INVÍAS más cercano a 2.14 km"
Cambao,4.907981,-74.736217,"DANE, DIVIPOLA Códigos cabeceras y centros poblados (datos.gov.co/resource/xaxy-8nri), corte 30-12-2024, descargado 7-10-2026","Centro poblado Cambao, San Juan De Rioseco, Cundinamarca (cód. 25662001); extremo INVÍAS más cercano a 0.84 km"
Chiquinquirá,5.613790,-73.818745,"DANE, DIVIPOLA Códigos municipios (datos.gov.co/resource/gdxc-w37w), corte 30-12-2024, descargado 7-10-2026","Chiquinquirá, Boyacá (cód. 15176); cabecera municipal; extremo INVÍAS más cercano a 1.69 km"
Chocontá,5.145224,-73.683533,"DANE, DIVIPOLA Códigos municipios (datos.gov.co/resource/gdxc-w37w), corte 30-12-2024, descargado 7-10-2026","Chocontá, Cundinamarca (cód. 25183); cabecera municipal; extremo INVÍAS más cercano a 1.26 km"
Cuestaboba,7.211525,-72.846463,"INVÍAS, Red Vial (datos.gov.co/resource/ie7y-asdn), geometría multiline, descargado 6-10-2026",Sin coordenada DANE; punto estimado como unión de los tramos Bucaramanga - Cuestaboba y Cuestaboba - Pamplona (separación de extremos 0.000 km)
Duitama,5.822964,-73.030630,"DANE, DIVIPOLA Códigos municipios (datos.gov.co/resource/gdxc-w37w), corte 30-12-2024, descargado 7-10-2026","Duitama, Boyacá (cód. 15238); cabecera municipal; extremo INVÍAS más cercano a 0.39 km"
El Espinal,4.151314,-74.885446,"DANE, DIVIPOLA Códigos municipios (datos.gov.co/resource/gdxc-w37w), corte 30-12-2024, descargado 7-10-2026","Municipio Espinal, Tolima (cód. 73268); cabecera municipal; extremo INVÍAS más cercano a 1.71 km"
Fusagasugá,4.336723,-74.375430,"DANE, DIVIPOLA Códigos municipios (datos.gov.co/resource/gdxc-w37w), corte 30-12-2024, descargado 7-10-2026","Fusagasugá, Cundinamarca (cód. 25290); cabecera municipal; extremo INVÍAS más cercano a 1.57 km"
Girardot,4.313069,-74.798201,"DANE, DIVIPOLA Códigos municipios (datos.gov.co/resource/gdxc-w37w), corte 30-12-2024, descargado 7-10-2026","Girardot, Cundinamarca (cód. 25307); cabecera municipal; extremo INVÍAS más cercano a 2.93 km"
Granada,3.547147,-73.705815,"DANE, DIVIPOLA Códigos municipios (datos.gov.co/resource/gdxc-w37w), corte 30-12-2024, descargado 7-10-2026","Granada, Meta (cód. 50313); cabecera municipal; extremo INVÍAS más cercano a 0.86 km"
Guasca,4.866719,-73.877143,"DANE, DIVIPOLA Códigos municipios (datos.gov.co/resource/gdxc-w37w), corte 30-12-2024, descargado 7-10-2026","Guasca, Cundinamarca (cód. 25322); cabecera municipal; extremo INVÍAS más cercano a 0.34 km"
Honda,5.211816,-74.756990,"DANE, DIVIPOLA Códigos municipios (datos.gov.co/resource/gdxc-w37w), corte 30-12-2024, descargado 7-10-2026","Honda, Tolima (cód. 73349); cabecera municipal; extremo INVÍAS más cercano a 1.89 km"
La Palmera,6.513382,-72.692593,"INVÍAS, Red Vial (datos.gov.co/resource/ie7y-asdn), geometría multiline, descargado 6-10-2026",Sin coordenada DANE; punto estimado como unión de los tramos La Palmera - Presidente y Duitama - La Palmera (separación de extremos 0.000 km)
Madrid,4.732791,-74.265854,"DANE, DIVIPOLA Códigos municipios (datos.gov.co/resource/gdxc-w37w), corte 30-12-2024, descargado 7-10-2026","Madrid, Cundinamarca (cód. 25430); cabecera municipal; extremo INVÍAS más cercano a 3.70 km"
Mariquita,5.199708,-74.889276,"DANE, DIVIPOLA Códigos municipios (datos.gov.co/resource/gdxc-w37w), corte 30-12-2024, descargado 7-10-2026","Municipio San Sebastián de Mariquita, Tolima (cód. 73443); cabecera municipal; extremo INVÍAS más cercano a 0.07 km"
Pamplona,7.372802,-72.647714,"DANE, DIVIPOLA Códigos municipios (datos.gov.co/resource/gdxc-w37w), corte 30-12-2024, descargado 7-10-2026","Pamplona, Norte De Santander (cód. 54518); cabecera municipal; extremo INVÍAS más cercano a 0.29 km"
Presidente,7.020257,-72.682143,"DANE, DIVIPOLA Códigos cabeceras y centros poblados (datos.gov.co/resource/xaxy-8nri), corte 30-12-2024, descargado 7-10-2026","Centro poblado Presidente, Chitagá, Norte De Santander (cód. 54174006); extremo INVÍAS más cercano a 0.13 km"
Puente Nacional,5.878381,-73.677567,"DANE, DIVIPOLA Códigos municipios (datos.gov.co/resource/gdxc-w37w), corte 30-12-2024, descargado 7-10-2026","Puente Nacional, Santander (cód. 68572); cabecera municipal; extremo INVÍAS más cercano a 0.84 km"
Puerto Gaitán,4.314905,-72.087649,"DANE, DIVIPOLA Códigos municipios (datos.gov.co/resource/gdxc-w37w), corte 30-12-2024, descargado 7-10-2026","Puerto Gaitán, Meta (cód. 50568); cabecera municipal; extremo INVÍAS más cercano a 0.37 km"
Puerto López,4.093490,-72.957324,"DANE, DIVIPOLA Códigos municipios (datos.gov.co/resource/gdxc-w37w), corte 30-12-2024, descargado 7-10-2026","Puerto López, Meta (cód. 50573); cabecera municipal; extremo INVÍAS más cercano a 1.33 km"
San Gil,6.551952,-73.134776,"DANE, DIVIPOLA Códigos municipios (datos.gov.co/resource/gdxc-w37w), corte 30-12-2024, descargado 7-10-2026","San Gil, Santander (cód. 68679); cabecera municipal; extremo INVÍAS más cercano a 0.30 km"
Sáchica,5.584305,-73.542539,"DANE, DIVIPOLA Códigos municipios (datos.gov.co/resource/gdxc-w37w), corte 30-12-2024, descargado 7-10-2026","Sáchica, Boyacá (cód. 15638); cabecera municipal; extremo INVÍAS más cercano a 4.55 km"
Tocancipá,4.964641,-73.912070,"DANE, DIVIPOLA Códigos municipios (datos.gov.co/resource/gdxc-w37w), corte 30-12-2024, descargado 7-10-2026","Tocancipá, Cundinamarca (cód. 25817); cabecera municipal; extremo INVÍAS más cercano a 0.92 km"
Tunja,5.539880,-73.355539,"DANE, DIVIPOLA Códigos municipios (datos.gov.co/resource/gdxc-w37w), corte 30-12-2024, descargado 7-10-2026","Tunja, Boyacá (cód. 15001); cabecera municipal; extremo INVÍAS más cercano a 1.68 km"
Ubaté,5.307463,-73.814367,"DANE, DIVIPOLA Códigos municipios (datos.gov.co/resource/gdxc-w37w), corte 30-12-2024, descargado 7-10-2026","Municipio Villa de San Diego de Ubaté, Cundinamarca (cód. 25843); cabecera municipal; extremo INVÍAS más cercano a 0.55 km"
Villavicencio,4.126369,-73.622601,"DANE, DIVIPOLA Códigos municipios (datos.gov.co/resource/gdxc-w37w), corte 30-12-2024, descargado 7-10-2026","Villavicencio, Meta (cód. 50001); cabecera municipal; extremo INVÍAS más cercano a 2.15 km"
Villeta,5.012754,-74.469686,"DANE, DIVIPOLA Códigos municipios (datos.gov.co/resource/gdxc-w37w), corte 30-12-2024, descargado 7-10-2026","Villeta, Cundinamarca (cód. 25875); cabecera municipal; extremo INVÍAS más cercano a 1.27 km"
Ye de Granada,3.572354,-73.716502,"INVÍAS, Red Vial (datos.gov.co/resource/ie7y-asdn), geometría multiline, descargado 6-10-2026",Sin coordenada DANE; punto estimado como unión de los tramos Ye de Granada - Paso por el Puente sobre el Río Ocoa y Paso por el Puente sobre el Río Ocoa - Villavicencio y Ye de Granada - Casco Urbano Granada (separación de extremos 0.000 km)
Zipaquirá,5.025477,-73.994444,"DANE, DIVIPOLA Códigos municipios (datos.gov.co/resource/gdxc-w37w), corte 30-12-2024, descargado 7-10-2026","Zipaquirá, Cundinamarca (cód. 25899); cabecera municipal; extremo INVÍAS más cercano a 1.26 km"
