"point","nombre_peaje","ubicaci_n","sector","sentido","poste_de_referencia_pr","distancia_pr","telefono_gr_a","telefono_peaje","url_foto","categoria_i","categoria_ii","categoria_iii","categoria_iv","categoria_v","categoria_vi","categoria_vii","categoria_viii","categoria_ix","categoria_e","categoria_eae","categoria_ec","categoria_eie","categoria_ie","categoria_iee","categoria_ieee","categoria_iex","categoria_iia","categoria_iie","categoria_iiie","categoria_ive","categoria_ve","categoria_vie","categoria_viie","administrador","c_digo_peaje","c_digo_tramo","eje_adicional","eje_adicional_r","eje_grua","latitud","longitud","responsable","territorial"
"POINT (-76.328496698 3.99550924900007)","RÍO FRÍO","Mediacanoa - Ansermanuevo","Mediacanoa - Roldanillo","Norte – Sur  / Sur - Norte","13","600","Por Definir","3102454252","https://hermes.invias.gov.co/recursos/Fichas%20Peajes/3873.pdf","12200","13000","27900","35400","39800","0","0","0","0","0","0","0","0","0","0","0","0","0","0","0","0","0","0","0","1","4","2302","12500","12100","9100","3.99550925","-76.3284967","INVIAS","25"
"POINT (-75.7756032779999 5.33243849400003)","SAN CLEMENTE","Vía Cauyá - El Palo","Cauyá - La Felisa","Ambos sentidos de circulación","17","150","Por Definir","3102454264","https://hermes.invias.gov.co/recursos/Fichas%20Peajes/3931.pdf","12200","13000","27900","35400","39800","0","0","0","0","0","0","0","0","0","0","0","0","0","0","0","0","0","0","0","1","21","2508","12500","12100","9100","5.3324384899999995","-75.77560328","INVIAS","5"
"POINT (-72.999481869 6.82563436700002)","LOS CUROS","Aratoca - Bucaramanga","San Gil - Bucaramanga","Aplica en ambos sentidos","53","730","Por Definir","Por Definir","https://hermes.invias.gov.co/recursos/Fichas%20Peajes/3817.pdf","12100","12900","33500","41500","48600","0","0","0","0","0","0","0","0","0","0","0","0","0","0","0","0","0","0","0","1","85","45A07","14300","14000","9800","6.8256343699999995","-72.99948187","INVIAS","22"
"POINT (-73.912827744 5.10439419400006)","CASABLANCA","Cogua – Tausa Km 40+000","Bogotá - Ubaté","Sur – Norte // Norte – Sur","40","0","Por Definir","Por Definir","https://hermes.invias.gov.co/recursos/Fichas%20Peajes/3990.pdf","12100","12900","33500","41500","48600","0","0","0","0","0","0","0","0","0","0","0","0","0","0","0","0","0","0","0","1","81","45A04","14300","14000","9800","5.104394190000001","-73.91282774","INVIAS","12"
"POINT (-73.5011577779999 5.55768487600005)","SÁCHICA","Vía Chiquinquirá Tunja km 42+800 Jurisdicción Sáchica","Sáchica - Tunja","Ambos sentidos de circulación","50","200","Por Definir","3102455356","https://hermes.invias.gov.co/recursos/Fichas%20Peajes/3884.pdf","12200","13000","27900","35400","39800","0","0","0","0","0","0","0","0","4100","0","0","0","0","4100","0","0","0","0","0","1","113","6008","12500","12100","9100","5.55768488","-73.50115778","INVIAS","4"
"POINT (-73.477619939 5.79502465700006)","ARCABUCO","Barbosa - Tunja","Barbosa - Tunja","Ambos sentidos de circulación","27","700","Por Definir","3205221387","https://hermes.invias.gov.co/recursos/Fichas%20Peajes/3896.pdf","12200","13000","27900","35400","39800","0","0","0","0","0","0","0","0","0","0","0","0","0","0","0","0","0","0","0","1","116","6209","12500","12100","9100","5.79502466","-73.47761994","INVIAS","4"
"POINT (-72.9212520309999 5.63127850700005)","EL CRUCERO","Via Sogamoso Yopal Km 8+900  Jurisdiccion Sogamoso","Sogamoso - El Crucero","Ambos sentidos de circulación","13","150","Por Definir","3102455402-3134819171","https://hermes.invias.gov.co/recursos/Fichas%20Peajes/3875.pdf","12200","13000","27900","35400","39800","0","0","0","0","0","0","0","0","3200","0","0","0","0","3500","0","0","0","0","0","1","117","6211","12500","12100","9100","5.63127851","-72.92125203","INVIAS","4"
"POINT (-73.0803086669999 6.61769608900005)","CURITÍ","San Gil - Aratoca","San Gil - Bucaramanga","Ambos sentidos","11","320","Por Definir","Por Definir","https://hermes.invias.gov.co/recursos/Fichas%20Peajes/3986.pdf","12100","12900","33500","41500","48600","0","0","0","0","0","0","0","0","9100","0","0","0","0","0","0","0","0","0","0","1","84","45A07","14300","14000","9800","6.617696090000001","-73.08030867","INVIAS","22"
"POINT (-73.333289569 6.17823641900003)","OIBA","Vía Puente Nacional – San Gil Km 62+950","Puente Nacional - San Gil","NORESTE- SUROCCIDENTE","63","0","Por Definir","Por Definir","https://hermes.invias.gov.co/recursos/Fichas%20Peajes/3839.pdf","12100","12900","33500","41500","48600","0","0","0","0","0","0","0","0","1300","0","0","0","0","1300","0","0","0","0","0","1","83","45A06","14300","14000","9800","6.17823642","-73.33328957","INVIAS","22"
"POINT (-75.243039628 6.12460709800007)","COCORNÁ","KM 03+100 RUTA 6005 Via Santuario - Puerto Triunfo","El Santuario - Cruce Ruta 45 (Caño Alegre)","Sur – Norte","3","95","(322 384 5814) este número también sirve para solicitar ambulancia","Por Definir","https://hermes.invias.gov.co/recursos/Fichas%20Peajes/3861.pdf","17900","27900","24400","30300","60600","86200","86200","0","0","0","0","0","0","1700","0","0","0","0","1700","1700","1700","0","0","0","1","111","6005","0","0","0","6.1246071","-75.24303963","INVIAS","1"
"POINT (-74.611395406 5.87259891400004)","PUERTO TRIUNFO","KM 130+100 RUTA 6005 Autopista  Medellin - Bogota","Santuario - Cruce Ruta 45 (Caño Alegre)","Sur – Norte","130","100","322 384 5814","Por Definir","https://hermes.invias.gov.co/recursos/Fichas%20Peajes/3808.pdf","17900","27900","24400","30300","60600","86200","86200","0","0","0","0","0","0","0","0","0","0","0","0","0","0","0","0","0","1","112","6005","0","0","0","5.872598910000001","-74.61139541","INVIAS","1"
"POINT (-73.744665879 5.72786479600006)","SABOYÁ","Vía Ubate Puente Nacional  Km 66+200 Jurisdicción Saboyá","Ubaté - Puente Nacional","Ambos sentidos de circulación","66","500","Por Definir","Por Definir","https://hermes.invias.gov.co/recursos/Fichas%20Peajes/3953.pdf","12100","12900","33500","41500","48600","0","0","0","0","0","0","0","0","3400","0","0","0","0","3400","0","0","0","0","0","1","82","45A05","14300","14000","9800","5.7278648","-73.74466588","INVÍAS","4"
"POINT (-74.6846173499999 5.20310293600005)","BICENTENARIO","Villeta - Puerto Salgar","Honda - Villeta","Ambos sentido de circulación","7","975","Por Definir","3232059073","https://hermes.invias.gov.co/recursos/Fichas%20Peajes/3847.pdf","13000","17000","39600","48000","55700","0","0","0","0","0","0","0","0","6500","0","0","0","0","8100","0","0","0","0","0","1","94","5008","12500","12100","9100","5.20310294","-74.68461735","INVIAS","12"
"POINT (-77.428397 1.06457300000005)","EL PLACER","Nariño - Tangua","Rumichaca - Pasto",,"0","0","Por Definir","Por Definir",,"14200","17200","33600","42000","45300","0","0","0","0","0","0","0","0","0","0","0","0","0","0","0","0","0","0","0","2",,"2501","0","0","0","0","0","Por Definir","28"
"POINT (-74.8947039999999 7.63328800000005)","ZARAGOZA","Antioquia - Zaragoza","Autopista Conexión Norte",,"21","310","Por Definir","Por Definir",,"15900","19700","19700","19700","46700","58600","67500","0","0","0","0","0","0","0","0","0","0","0","0","0","0","0","0","0","2",,"25AN17","0","0","0","0","0","Por Definir","28"
"POINT (-75.859962863 4.79340820900006)","CERRITOS II","Vía Andalucía – Y de Cerritos PR2506 Km 86","La Victoria - Cartago - Cerritos","Sur – Norte","85","867","Por Definir","3128509233 - 3113042754 - 3132158","http://hermes.invias.gov.co/carreteras/images/peajes/peaje.jpg","15200","17300","42900","56100","64300","0","0","0","0","0","0","0","0","3300","0","0","0","0","11200","0","0","0","0","0","1","18","2506","19200","1900","13000","4.79340821","-75.85996286","Concesionaria de Occidente","21"
"POINT (-76.049532448 4.66542497700004)","TORO","Mediacanoa - Ansermanuevo","Roldanillo - La Virginia","Sur - Norte // Norte - Sur","106","0","Por Definir","3102454238","https://hermes.invias.gov.co/recursos/Fichas%20Peajes/3872.pdf","12200","13000","27900","35400","39800","0","0","0","0","0","0","0","0","3600","0","0","0","0","4100","0","0","0","0","0","1","5","2302","12500","12100","9100","4.66542498","-76.04953245","INVIAS","25"
"POINT (-77.284452436 1.42545608200004)","CANO","San Juan de Pasto - Cano","Pasto - Mojarras","Norte – Sur","36","0","Por Definir","Por Definir","https://hermes.invias.gov.co/recursos/Fichas%20Peajes/3862.pdf","14800","15800","32300","42400","48900","0","0","0","0","0","0","0","0","0","0","0","0","0","0","0","0","0","0","0","1","10","2502","14100","13800","9400","1.42545608","-77.28445244000001","INVIAS","17"
"POINT (-76.851164685 2.18894946000006)","EL BORDO","Kilometro 60+800 Vía Panamericana Mojarras – Popayan","Mojarras - Popayán","Sur – Norte // Norte – Sur","61","300","Por Definir","3112363938 / 2800138","https://hermes.invias.gov.co/recursos/Fichas%20Peajes/3975.pdf","12400","13900","28400","36100","40800","0","0","0","0","0","0","0","0","0","0","0","0","0","0","0","0","0","0","0","1","11","2503","12500","12100","9100","2.18894946","-76.85116469","INVIAS","8"
"POINT (-72.484164639 7.86745647200007)","LA PARADA","Km. 2 de la Autopista Internacional que comunica a Cúcuta con San Antonio","Cúcuta - Puente Internacional Simón Bolívar","Sentido San Antonio (Venezuela) - Cúcuta","1","792","320 345 2139","3104946611","http://hermes.invias.gov.co/carreteras/images/peajes/peaje.jpg","2700","2700","2700","2700","2700","0","0","0","0","0","0","0","0","0","0","0","0","0","0","0","0","0","0","0","1","129","7010","2700","0","2700","7.86745647","-72.48416464","INVIAS","18"
"POINT (-73.4985723359999 8.23123833000005)","PLATANAL","Km 14 Vía Aguasclaras – Ocaña","Aguaclara - Río de Oro","Sur – Norte Ambos sentidos","14","200","Por Definir","Por Definir","https://hermes.invias.gov.co/recursos/Fichas%20Peajes/3915.pdf","11800","13000","27400","34800","39800","0","0","0","0","0","0","0","0","500","0","0","0","0","500","14200","17900","20200","0","0","1","128","7007","12500","12100","9100","8.23123833","-73.49857234000001","INVIAS","26"
"POINT (-73.263641967 7.63281900600003)","RÍO BLANCO","Rio Negro – San Alberto","Río Negro - San Alberto","Norte – Sur","62","960","Por Definir","3124570764","https://hermes.invias.gov.co/recursos/Fichas%20Peajes/3823.pdf","12400","13900","28400","36100","40800","0","0","0","0","0","0","0","0","500","0","0","0","0","500","0","0","0","0","0","1","86","45A08","12500","12100","9100","7.5543312899999995","-73.23110812","INVIAS","22"
"POINT (-75.468140396 6.83050248100005)","LOS LLANOS","KM 03+450 RUTA 2511 -  vía Medellin - La Costa","Los Llanos - Tarazá","Norte - Sur","3","500","(322 384 5814) este número también sirve para solicitar ambulancia","3102462831","https://hermes.invias.gov.co/recursos/Fichas%20Peajes/3848.pdf","12400","13900","28400","36100","40800","0","0","0","0","0","0","0","0","6500","0","0","0","0","6900","0","0","0","0","0","1","26","2511","12500","12100","9100","6.83050248","-75.46814040000001","INVIAS","1"
"POINT (-75.393524024 7.58927623200003)","TARAZÁ","KM 01+200 RUTA 2512 -  Via Medellin - La Costa","Tarazá - Caucasia","Sur – Norte","1","300","(322 384 5814) este número también sirve para solicitar ambulancia","3102463888","https://hermes.invias.gov.co/recursos/Fichas%20Peajes/3838.pdf","12400","13900","28400","36100","40800","0","0","0","0","0","0","0","0","8200","0","0","0","0","0","0","0","0","0","0","1","27","2512","12500","12100","9100","7.58918891","-75.39364303","INVIAS","1"
"POINT (-75.484821096 8.60485611200005)","CARIMAGUA","Vía Planeta Rica - Sincelejo Km 26 + 300","Planeta Rica - La Ye","Sur – Norte","26","300","Por Definir","3102467110 - 3205221762","https://hermes.invias.gov.co/recursos/Fichas%20Peajes/3821.pdf","17700","25300","25300","25300","45900","72800","84100","0","0","0","0","0","0","0","0","0","0","0","0","0","0","0","0","0","1","30","2514","0","0","0","8.60485611","-75.4848211","INVIAS","11"
"POINT (-73.473552148 9.43103200100006)","RINCÓN HONDO","Tramo que cubre:Vía Rincón Hondo - Agustín Codazzi","San Roque - La Paz","Aplica en ambos sentidos de circulación","17","600","Por Definir","Por Definir","https://hermes.invias.gov.co/recursos/Fichas%20Peajes/3964.pdf","14000","14800","16000","16900","18200","51900","59500","0","0","0","0","0","0","0","0","0","0","0","0","0","0","0","0","0","1","87","4901","0","0","0","9.431031999999998","-73.47355215","INVIAS","9"
"POINT (-73.238637775 10.1217258250001)","SAN DIEGO","Tramo que cubre:Vía Aguztín Codazzi - San Diego","San Roque - La Paz","Aplica en ambos sentidos de circulación","105","250",,,"https://hermes.invias.gov.co/recursos/Fichas%20Peajes/3889.pdf","7000","7600","8200","8800","18100","21900","58900","0","0","0","0","0","0","5000","0","0","0","0","0","0","0","0","0","0","1","88","4901","0","0","0","10.12172583","-73.23863778","INVIAS","9"
"POINT (-72.9755403249999 10.8000159330001)","SAN JUAN","Ubicación: 61+400Tramo que cubre:Vía La Paz – Distracción","Río Pereira - Buenavista","Aplica en ambos sentido de circulación","61","400","Por Definir","Por Definir","https://hermes.invias.gov.co/recursos/Fichas%20Peajes/3981.pdf","0","14000","28500","36200","40900","0","0","0","0","0","0","0","0","0","0","0","0","0","3200","0","0","0","0","0","1","89","4902","9900","9700","7300","10.80001593","-72.97554033","INVIAS","13"
"POINT (-75.570252 5.54052600000006)","SUPIA",,"Autopista Conexión Pacífico 3",,"81","510","Por Definir","Por Definir",,"10500","11400","24200","30800","34700","0","0","0","0","0","0","0","0","0","0","0","0","0","0","0","0","0","0","0","2",,"2508","0","0","0","0","0","Por Definir","28"
"POINT (-75.760278 5.10591700000003)","GUAICO",,,,"0","0","Por Definir","Por Definir",,"21000","26100","26100","26100","61400","77500","89100","0","0","0","0","0","0","0","0","0","0","0","0","0","0","0","0","0","2","150",,"0","0","0","5.10567543","5.10567543","Por Definir","28"
"POINT (-74.9144259999999 4.95835200000005)","ARMERO","Vía San Gil - Bucaramanga Km 53+730 Jurisdicción Municipio de Piedecuesta","San Gil - Bucaramanga",,"0","0","Por Definir","Por Definir",,"13700","14800","15200","15800","33600","45900","63500","0","0","0","0","0","0","5900","0","0","0","0","0","9300","9700","0","0","0","2","108","0","0","0","8000","4.9583520000000005","4.9583520000000005","Por Definir","28"
"POINT (-75.657461 5.25773200000003)","IRRA",,,,"36","710","Por Definir","Por Definir",,"14600","18000","18000","18000","42800","53700","61800","0","0","0","0","0","0","6400","0","0","0","0","7900","7900","7900","5700","0","0","2","42","2903","0","0","0","5.257732","5.257732","Por Definir","28"
"POINT (-74.8370609899999 10.8821750000001)","GALAPA 02",,,,"11","720","Por Definir","Por Definir",,"8300","12300","9000","15400","47600","63300","70200","0","0","0","0","0","0","3300","0","0","0","0","5300","0","0","0","0","0","2","36","25AT04","0","0","0","10.882175","10.882175","Por Definir","28"
"POINT (-75.2855 4.40574700000008)","COCORA",,,,"0","0","Por Definir","Por Definir",,"14200","15500","35900","47800","52800","0","0","0","0","0","0","0","0","0","0","0","0","0","0","0","0","0","0","0","2","151",,"0","0","0","4.405747000000001","4.405747000000001","Por Definir","28"
"POINT (-73.717392 7.08351700000003)","LA LIZAMA","La Lizama","Barrancabermeja -  La Lizama ubicación km 4","Barrancabermeja -  La Lizama (Aplica en ambos sentidos)","4","0","3103910901 - (57) 685 4666","Por Definir",,"16700","20400","25400","32100","48700","60800","70300","0","0","0","0","0","0","0","0","0","0","0","9600","6600","8300","12600","0","18100","2","123","4513","0","0","0","7.0834678900000005","7.0834678900000005","Ruta del Cacao","22"
"POINT (-76.744136536 8.21002779000003)","CIRILO","Vía turbo - Necoclí","Vía Turbo - Necoclí","Norte - Sur. Sur - Norte","18","70","3105553979 // #979","3105553979 // #979",,"12100","13500","13500","13500","27500","35400","39700","0","0","0","0","0","0","4700","0","0","0","0","6900","0","0","0","0","0","2","134","9001","0","0","0","8.210027790000002","8.210027790000002","Concesión Autopistas Urabá","1"
"POINT (-74.898251187 10.9343822760001)","JUAN MINA","Vía La Cordialidad - Galapa","Vía Juan Mina - Las Hermanas","Norte - Sur. Sur - Norte","24200","0","311 4803629","018000977330",,"8300","12300","9000","15400","47600","63300","70200","0","0","0","0","0","0","0","0","0","0","0","0","0","0","0","0","0","2","37","25AT04","0","0","0","10.934382280000001","10.934382280000001","Concesión Costera Barranquilla - Cartagena","2"
"POINT (-73.9360839999999 4.84165600000006)","SOPÓ","El Salitre - Sopó","Meusa","Sur - Norte","2","0","310 2399451 - #765","313 4609939",,"12300","19200","32200","47400","64600","65300","0","0","0","0","0","0","0","2200","0","0","0","6000","11500","0","0","0","0","0","2","100","50 CN 03","8700","8400","6400","4.84165564","4.84165564","PERIMETRAL ORIENTAL DE BOGOTÁ S.A.S","12"
"POINT (-74.6397259999999 5.45854500000007)","BRISAS","Vía Mediacanoa - Ansermanuevo Km 13","Mediacanoa - Ansermanuevo","(Aplica en ambos sentidos)","7","0","3219738507","3219738507",,"6400","20500","28000","37400","53200","85600","97900","0","0","0","0","0","0","0","0","0","0","0","0","0","0","0","0","0","2","63","4510","0","0","8500","5.42592912","5.42592912","Concesión Alto Magdalena SAS","28"
"POINT (-73.188611598 7.10312711700004)","LEBRIJA","Vía Fortuna - Bucaramanga Km 65+500 Jurisdicción del municipuio de Lebrija","Lebrija - Palenque","Sur - Norte","64","362","Por Definir","3188884392",,"7200","8200","19600","26000","29800","0","0","0","0","0","0","0","0","0","0","0","0","0","0","0","0","0","0","0","1","125","6602","0","0","0","7.103127120000001","7.103127120000001","FINDETER","22"
"POINT (-73.149403777 7.24326752600007)","RÍONEGRO","Vía Bucaramanga - Rionegro Km 13","La cemento - Rionegro","Norte - Sur","13","100","Por Definir","6569259",,"7200","8200","19600","26000","29800","0","0","0","0","0","0","0","0","0","0","0","0","0","0","0","0","0","0","0","1","157","45A08","0","0","0","7.24326753","7.24326753","FINDETER","22"
"POINT (-75.716599 8.70998500000007)","SAN CARLOS","Vía Montería - San Carlos ubicado sobre el Km -  9+700","Monteria - San Carlos","Aplica en ambos sentidos","9","300","3216177100","Por Definir",,"15800","23200","23200","23200","24700","36000","36100","0","0","0","0","0","0","0","0","0","0","0","0","0","0","0","0","0","2","73","3306","0","0","0","8.77265979","8.77265979","Concesión Ruta al Mar","11"
"POINT (-74.797319 4.56443500000006)","GUATAQUÍ","Km 3 Ruta 45","Tramo que cubre la via Guataquí - Cambao - Honda","Aplica en ambos sentidos","3","0","3219738507","3219738507",,"12800","17800","24400","32600","46100","74600","85200","0","0","0","0","0","0","0","0","0","0","0","0","0","0","0","0","0","2","69","4508","0","0","0","4.56338247","4.56338247","Concesión Alto Magdalena","12"
"POINT (-76.381091 3.64389600000004)","ROZO","Vía Palmaseca - Cerrito Km 17","Palmaseca - El Cerrito","Norte – Sur","0","0","Por Definir","Por Definir","https://hermes.invias.gov.co/recursos/Fichas%20Peajes/6004.pdf","11000","13300","35300","46000","53000","0","0","0","0","0","0","7100","4600","5000","0","0","0","0","0","0","0","0","0","0","2","17","2505B","10700","21200","6600","3.6438522100000004","3.6438522100000004",,"25"
"POINT (-76.460045 3.15127600000005)","VILLARICA","Kilometro 91 Vía Panamericana Jurisdicción del Municipio de Villa Rica","Popayán - Jamundí","Sur – Norte // Norte – Sur","89","1314","Por Definir","Por Definir","https://hermes.invias.gov.co/recursos/Fichas%20Peajes/5607.pdf","11000","13300","35300","46000","53000","0","0","0","0","0","0","7100","4600","5000","0","0","0","0","5900","0","0","0","0","0","2","12","2504","10700","21200","6600","3.1512330800000004","3.1512330800000004",,"8"
"POINT (-76.411322 3.75991200000004)","MEDIACANOA","Vía Cali – Mediacanoa Km 36+600","Yumbo - Mediacanoa","Sur - Norte // Norte - Sur","51","848","Por Definir","Por Definir","https://hermes.invias.gov.co/recursos/Fichas%20Peajes/5606.pdf","11000","13300","35300","46000","53000","0","0","0","0","0","0","7100","4100","0","0","0","0","0","0","0","0","0","0","0","2","3","2301","10700","21200","6600","3.75998593","3.75998593","CONCESION ANI","25"
"POINT (-76.31918 3.71302200000002)","CERRITO","Vía Cali - Andalucia Km 43+200","Cali - Palmira - Buga","Sur - Norte // Norte - Sur","44","893","Por Definir","Por Definir","https://hermes.invias.gov.co/recursos/Fichas%20Peajes/5605.pdf","11000","13300","35300","46000","53000","0","0","0","0","0","0","7100","0","0","0","0","0","0","0","0","0","0","0","0","2","16","2505","10700","21200","6600","3.71309616","3.71309616","CONCESION ANI","25"
"POINT (-76.462683 3.55733700000008)","CENCAR","Vía Yumbo – Aeropuerto Km 2+950","Cali - Yumbo","Sur - Norte // Norte - Sur","0","0","Por Definir","Por Definir","https://hermes.invias.gov.co/recursos/Fichas%20Peajes/5604.pdf","11000","13300","35300","46000","53000","0","0","0","0","0","0","7100","4600","5000","0","0","0","0","0","0","0","0","0","0","2","7","2301","10700","21200","6600","3.55738348","3.55738348","CONCESION ANI","25"
"POINT (-76.4576509999999 3.62760200000002)","PASO DE LA TORRE","Vía Vijes – Rozo Km 1+500","Paso de La Torre - Siberia (Variante Yumbo)","Sur - Norte","26","221","Por Definir","Por Definir","https://hermes.invias.gov.co/recursos/Fichas%20Peajes/5205.pdf","11000","13300","35300","46000","53000","0","0","0","0","0","0","7100","4100","0","0","0","0","0","0","0","0","0","0","0","2","8","23VL02","10700","21200","6600","3.62759823","3.62759823",,"25"
"POINT (-76.3432789999999 3.52344900000003)","CIAT","Vía Cali – Andalucía Km 17+300","Cali - Palmira - Buga","Norte – Sur","16","344","Por Definir","Por Definir","https://hermes.invias.gov.co/recursos/Fichas%20Peajes/5204.pdf","11100","13400","35800","46100","53100","0","0","0","0","0","0","7100","4700","5100","0","0","0","0","8500","0","0","0","0","0","2","15","2505","10700","21200","6600","3.5235399800000002","3.5235399800000002","CONCESION ANI","25"
"POINT (-76.536811321 2.70169011300004)","TUNIA (SINIESTRADA)","Kilometro 31+100 Vía Panamericana Popayan – Cali","Popayán - Jamundí","Sur – Norte // Norte – Sur","30","1053","Por Definir","Por Definir","https://hermes.invias.gov.co/recursos/Fichas%20Peajes/4805.pdf","0","0","0","0","0","0","0","0","0","0","0","0","0","0","0","0","0","0","0","0","0","0","0","0","1","13","2504","0","0","0","2.70169011","2.70169011","INVIAS","8"
"POINT (-76.4430649999999 3.50073900000007)","ESTAMBUL","Vía Cali – Andalucía Km 5","Cali - Palmira - Buga","Sur - Norte","4","954","Por Definir","Por Definir","https://hermes.invias.gov.co/recursos/Fichas%20Peajes/4804.pdf","11100","13400","35800","46100","53100","0","0","0","0","0","0","7100","4700","5100","0","0","0","0","8500","0","0","0","0","0","2","14","2505","10700","21200","6600","3.5007222000000002","3.5007222000000002","CONCESION ANI","25"
"POINT (-74.766759404 10.957823864)","CORREDOR PORTUARIO",,"Calle 6",,"0","0","Por Definir","Por Definir","http://hermes.invias.gov.co/carreteras/images/peajes/peaje.jpg","6400","7100","0","20000","22200","0","0","0","0","0","0","0","0","0","0","0","0","0","0","0","0","0","0","0","5","178",,"0","0","0","10.957823860000001","10.957823860000001","Por Definir","2"
"POINT (-75.445772 10.2445070000001)","PASACABALLOS","Variante de Gambote","Variante de Gambote","Sur - Norte // Norte - Sur","17","240","321 205 72 27",,,"11400","12200","26000","33700","39300","39300","39300","0","0","0","0","0","0","3900","0","0","0","0","0","9100","0","0","0","0","2","149","90BLB","0","0","0","10.243425369999999","10.243425369999999","AUTOPISTAS DEL SOL S.A.","3"
"POINT (-75.836761 8.82778300000007)","LOS GARZONES 2","Vía Monteria - Lorica Km. 1 más 320 metros","Montería - Cereté","GARZONES 2  NORTE - SUR.","6","130","3184095455 – 3182406622","3124964386",,"6100","15600","24200","30600","35000","0","0","0","0","0","0","0","0","2400","6500","0","0","0","4600","0","0","0","0","0","1","135","2103","0","0","0","8.827956","-75.836952","INVIAS","11"
"POINT (-73.834808 4.27987200000007)","NARANJAL","Caqueza – Guayabetal Km 44+700","Bogotá (El Portal) - Villavicencio","Occidente – Oriente // Oriente – Occidente","50","166","3123060332 - 3105851322 -3105851325 y #713","3144360298 // 3123060332 - 3105851322","http://hermes.invias.gov.co/carreteras/images/peajes/peaje.jpg","14100","36500","27500","53900","62700","72300","80300","0","0","0","0","0","0","500","500","0","0","0","500","500","500","500","0","0","2","57","4006","0","0","0","4.28510697","4.28510697","COVIANDINA S.A.S.","12"
"POINT (-73.560015 8.09234900000007)","MORRISON","Km 28+500 Vía San Alberto – Aguaclara","San Alberto - La Mata","Norte – Sur – Norte","39","653","Por Definir","3165280395","https://hermes.invias.gov.co/recursos/Fichas%20Peajes/3995.pdf","12300","13300","27300","34800","39500","0","0","0","0","0","0","0","0","0","0","0","0","0","0","0","0","0","0","0","2","74","4514","11000","10800","7800","8.09234873","8.09234873","Concesión ruta el sol","26"
"POINT (-74.500107 4.26937800000007)","CHINAUTA","Soacha – Girardot Km 52","Girardot - Silvania - Bogotá (Bosa)","Sur - Norte // Norte - Sur","51","1059","3104224687 - 3117872339 - 3117903187","3104224687 - 3117872339 - 3117903187","http://hermes.invias.gov.co/carreteras/images/peajes/peaje.jpg","13300","14900","31500","51100","58600","0","0","0","0","0","0","0","2700","2700","0","0","0","0","0","0","0","0","0","0","2","53","4005","10100","9800","6600","4.2693784","4.2693784","Concesión Vía 40 Express","12"
"POINT (-76.118437533 4.25246825100004)","LA URIBE","Vía Andalucía – Cerritos Km 12+300","Andalucía - La Paila -La Victoria","Norte – Sur  / Sur - Norte","12","296","2238660 - 3155602442","3155602442","http://hermes.invias.gov.co/carreteras/images/peajes/peaje.jpg","8400","10800","25300","34300","38000","0","0","0","0","0","0","0","0","0","0","0","0","0","0","0","0","0","0","0","3","155","2506","0","0","0","4.25246825","4.25246825","PISA Proyectos de Infraestructura S.A.","25"
"POINT (-74.719094 4.94641200000007)","CAMBAO","VÍA BUCARAMANGA - SAN GIL","San Gil - Bucaramanga","Aplica en ambos sentidos","5","0","3219738507","3219738507",,"12800","17800","24400","32600","46100","74600","85200","0","0","0","0","0","0","0","0","0","0","0","0","0","0","0","0","0","2","70","4509","0","0","6300","4.94629035","4.94629035","Concesión Alto Magdalena","28"
"POINT (-72.206138266 5.52491058900006)","LA NEVERA (NO OPERATIVO)","Paz de Ariporo - Yopal Km. 34+900","Paz de Ariporo - Yopal","Bidireccional","34","900","Por Definir","Por Definir",,"0","0","0","0","0","0","0","0","0","0","0","0","0","0","0","0","0","0","0","0","0","0","0","0","1",,"6513","0","0","0","5.524910589999999","5.524910589999999","INVÍAS","7"
"POINT (-74.991661 4.50760900000006)","ALVARADO","Vía Andalucía – Y de Cerritos PR2506 Km 86","La Victoria - Cartago - Cerritos","Norte-Sur -  y -  Sur-Norte","19","780","350 666-6375 - 350666-6386","3506666383 - 3506666384 - 3506666385","http://hermes.invias.gov.co/carreteras/images/peajes/alvarado.jpg","13700","14600","15200","15900","33500","45900","49700","0","0","0","0","0","7200","8200","0","0","0","0","0","0","0","0","0","0","2","62","4305","0","0","0","4.50323502","4.50323502","Concesionaria Alternativas Viales  S.A.S","24"
"POINT (-76.6655939999999 3.76300400000002)","LOBOGUERRERO","VÍA BUENAVENTURA - BUGA KM 63+700 Tramo que cubre: Desde el PR 63+310 en Loboguerrero y finaliza en el PR 118+418 en Buga","Cruce Ruta 40 (Loboguerrero) - Buga","Norte – Sur  / Sur - Norte","63","228","3228171095","3228171095","http://hermes.invias.gov.co/carreteras/images/peajes/peaje.jpg","10300","11500","27400","35900","40700","0","0","0","0","0","0","6600","0","600","0","0","0","0","600","0","0","0","0","0","2","47","4001","11000","23100","7000","3.76297032","3.76297032","CONSORCIO NQS","25"
"POINT (-75.530099 8.30157200000002)","MANGUITOS","Vía Caucasia – Planeta Rica (Municipio de Plaza Bonita) Cubre Tramo Buenavista – Planeta Rica","Caucasia - Planeta Rica","Aplica en ambos sentido","52","138","3216177100","Por Definir","http://hermes.invias.gov.co/carreteras/images/peajes/peaje.jpg","16100","23700","23700","23700","42700","67800","78000","0","0","0","0","0","6600","4700","8400","0","0","0","13800","13800","13800","0","0","0","2","29","2513","0","0","0","8.30157219","8.30157219","Concesión Ruta al Mar","11"
"POINT (-74.179344 4.69870000000003)","RÍO BOGOTÁ","Fontibon - Mosquera","Los Alpes - Madrid - Bogotá (Rio Bogotá)","Oriente  - Occidente Bogotá  -  Faca","1","485","300 2134184 - 310 3042774 - #235 Tigo -  Movistar y Claro","3792200 – 8930977","http://hermes.invias.gov.co/carreteras/images/peajes/peaje.jpg","11800","17600","15400","20300","34400","46400","50200","0","0","0","0","0","0","500","0","0","0","0","500","500","500","0","0","0","1","96","5008A","0","0","0","4.6985906","-74.179112","INVIAS","12"
"POINT (-74.05033 4.45458400000007)","BOQUERÓN II","Vía Rio Negro – San Alberto Km  53+100","Río Negro - San Alberto","Occidente – Oriente // Oriente – Occidente","11","1051","3123060332 - 3105851322 -3105851325 y #713","3123063223 - 3123030336 – 3105851322","http://hermes.invias.gov.co/carreteras/images/peajes/peaje.jpg","16500","48500","24500","64100","72300","80300","96200","0","0","0","0","0","0","400","1800","6100","0","0","12700","400","0","0","0","0","2","56","40CN01","0","0","8000","4.45458448","4.45458448","COVIANDINA S.A.S.","12"
"POINT (-73.706421 3.63303700000006)","IRACÁ","Vía Villavicencio – Granada Km 7+200","Ye de Granada - Paso por el Puente sobre el Río Ocoa","Sur","6","919","(578) 668 49 90-91","(8) 6700868 - #765 018000918624","http://hermes.invias.gov.co/carreteras/images/peajes/peaje.jpg","13100","25300","19200","33100","48800","64500","70100","0","0","0","0","0","0","4900","0","0","0","0","0","0","0","0","0","0","2","118","6509","0","0","0","3.63304276","3.63304276","Concesión Autopistas de los Llanos","16"
"POINT (-75.824585 8.84519800000004)","LOS GARZONES 1","Vía Monteria - Lorica Km. 1 más 320 metros","Montería - Cereté","GARZONES 1 SUR – NORTE","1","320","3184095455 – 3182406622","3124964386","http://hermes.invias.gov.co/carreteras/images/peajes/peaje.jpg","6100","15600","24200","30600","35000","0","0","0","0","0","0","0","0","2400","6500","0","0","0","4600","0","0","0","0","0","1","1","2103","0","0","0","8.84220992","-75.82444699999999","INVIAS","11"
"POINT (-72.9689789999999 7.10796900000003)","EL PICACHO","Bucaramanga - Pamplona","Cuestaboba - Pamplona","Sur - Norte  -  Norte - Sur","48","0","3124516349 - 3176462257 y 3004723174","3124516349 - 3176462257 y 3004723174","http://hermes.invias.gov.co/carreteras/images/peajes/el_picacho.jpg","12400","13900","28400","36200","40700","0","0","0","0","0","0","0","0","0","0","0","0","0","0","0","0","0","0","0","1","127","6603","12500","12100","9200","7.10799364","-72.968984","INVIAS","22"
"POINT (-74.291145 4.74872200000004)","EL CORZO","El Corzo - Madrid","El Corzo - Madrid","Occidente - Oriente Faca  - Bogota","57","513","(571) 893 09 77","3792200 – 8930977 300 2134184 - 310 3042774 - #235 Tigo -  Movistar y Claro","http://hermes.invias.gov.co/carreteras/images/peajes/peaje.jpg","11800","17600","15400","20300","34400","46400","50200","0","0","0","0","0","0","500","0","0","0","0","500","500","500","0","0","0","1","95","5008A","0","0","0","4.74867879","-74.2911216","INVIAS","12"
"POINT (-75.526595507 6.34510075000003)","NIQUÍA","Km 15+000 Autopista norte","Medellìn - Hoyo Rico","Norte","0","0","(054) 312 11 99-325 06 60","4678141 - 3108992853 - 3108992853 - 2544670 - 01-8000-522-44-77","http://hermes.invias.gov.co/carreteras/images/peajes/peaje.jpg","2500","2500","3200","3400","3400","3400","3400","0","0","0","0","0","0","0","0","0","0","0","0","0","0","0","0","0","3","156","2510","0","0","0","6.34510075","6.34510075","Concesión Hatovial S.A.S","1"
"POINT (-72.156624 11.3676140000001)","PARAGUACHÓN","Ubicación: 84+475 Tramo que cubre:Cuatro vías - Paraguachón","Riohacha - Paraguachón","Aplica en ambos sentido de circulación","84","476","(5) 728 85 43","3143300807 - (5) 7288542 /43","http://hermes.invias.gov.co/carreteras/images/peajes/peaje.jpg","12300","19000","15300","24100","35200","56600","71400","0","0","2900","0","0","4800","5500","0","0","3300","0","3300","3300","3300","0","0","0","2","145","9010","0","0","0","11.36760313","11.36760313","Concesión  Santa Marta Paraguachón S.A.","13"
"POINT (-74.4831854 4.88341307600007)","GUAYABAL","Peaje Rio Bogotá – Facatativa – Villeta – Viani – Cambao Km 63 Jurisdicción del Municipio de Guayabal","Guayabal de Síquima - Cambao","Norte - occidente // occidente - norte","0","0","3138879089","3184666166","http://hermes.invias.gov.co/carreteras/images/peajes/peaje.jpg","12400","16800","14100","19600","35300","45700","55000","0","0","0","0","0","7900","0","0","0","0","0","11900","9700","13300","24500","32100","0","3","162",,"0","0","0","4.88341308","4.88341308","CONCESIÓN PANAMERICANA","12"
"POINT (-75.074777 6.53633000000002)","CISNEROS","KM 03+000 RUTA 6206. Via Cisneros - Puerto Berrio","Cisneros - Alto de Dolores","Aplica en ambos sentidos. Tramo que cubre: Cisneros - Antes de la entrada a la vía secundaria hacia","1","240","311 739 5570 – 018000413724 – (4) 8603102","321 812 2264","http://hermes.invias.gov.co/carreteras/images/peajes/cisneros.jpg","18000","21900","21900","21900","49000","63700","71400","0","0","0","0","0","1600","3100","0","0","0","0","3400","0","0","0","0","0","2","46","6206","8700","8400","6400","6.536330319999999","6.536330319999999","Concesión Vías del Nus – VINUS S.A.S","1"
"POINT (-75.587418 5.02706200000006)","PAVAS (TRINIDAD I)","Club Campestre – La Trinidad Km. 1 + 200","Club Campestre - La Trinidad","Ambos sentidos de circulación","1","211","3138176567 #850","(6) 3282720","http://hermes.invias.gov.co/carreteras/images/peajes/peaje.jpg","14600","17500","17500","17500","42600","53200","61600","0","0","0","0","0","3200","3700","0","0","0","0","4100","4300","0","0","0","0","2","44","29CL03-1","0","0","0","5.02705324","5.02705324","CONCESIÓN AUTOPISTAS DEL CAFE","5"
"POINT (-72.943748 4.67860900000005)","SAN PEDRO","Villanueva - Monterrey Km.15+000","Barranca de Upía - Monterrey","Bidireccional","0","0","3178942293  - 018000180818","3168341260","http://hermes.invias.gov.co/carreteras/images/peajes/san_pedro.jpg","10800","11600","24600","31300","35000","0","0","0","0","0","0","0","2300","2600","0","0","0","0","0","0","0","0","0","0","2","122","6511","8700","8400","6400","4.678585529999999","4.678585529999999","Concesiónaria Vial del Oriente - COVIORIENTE S.A.S","7"
"POINT (-74.501381 6.49666200000007)","PUERTO BERRÍO","Vía Alto de Dolores - Puerto Berrío","Cisneros - Puerto Berrío (Incluye el Puente sobre el Río Magdalena)","Aplica en ambos sentido de circulación","85","295","0348326778","3183729221","http://hermes.invias.gov.co/carreteras/images/peajes/puerto_berrio.jpg","10900","12100","12100","12100","24800","31500","35500","0","0","0","0","0","2000","2300","0","0","0","0","2500","0","0","0","0","0","2","115","6206","8700","8400","6400","6.49664966","6.49664966","Concesión Autopistas del Río Magdalena","1"
"POINT (-74.033081 4.83000300000003)","ANDES","Sector Bogotá (calle 236)-Briceño","Bogotá-La Caro-Tunja","Sur Norte Aplica Únicamente saliendo de Bogotá","2","723","676 06 52","6760652 - 6762948  3125194023 – 3125196546","http://hermes.invias.gov.co/carreteras/images/peajes/peaje.jpg","11100","19200","12500","27800","42100","54000","59900","0","0","0","0","0","0","0","0","0","0","0","15700","0","0","0","0","0","2","79","5501","0","0","8000","4.82267931","4.82267931","CONCESIÓN ACCENORTE","12"
"POINT (-74.945015 10.208106)","CALAMAR","Tramo que cubre:Vía Aguztín Codazzi - San Diego","San Roque - La Paz","Ambos sentidos de circulación","131","39","3162954845 - #270 Claro","3162954845","http://hermes.invias.gov.co/carreteras/images/peajes/calamar.jpg","16300","20100","25000","31600","48200","0","0","0","0","0","0","0","2700","3100","0","0","0","0","0","0","0","0","0","0","2","33","2515","8700","8400","8500","10.20812679","10.20812679","Concesión Montes de Maria","2"
"POINT (-75.599995129 5.39159787600005)","SUPÍA","Vía La Felisa – La Pintada","La Felisa - La Pintada","Ambos sentidos de circulación","63","434","LINEA GRATUITA: 018000423780 LINEA CELULAR: 3219738470","3219738470","http://hermes.invias.gov.co/carreteras/images/peajes/supia.jpg","16100","21300","21300","21300","47800","69600","77700","0","0","0","0","7500","0","0","0","0","0","0","0","0","0","0","0","0","2","20","2508","8700","8400","6400","5.39159788","5.39159788","Concesión Pacífico Tres","5"
"POINT (-75.2037579999999 3.39378700000003)","EL PATÁ","Vía Neiva – Castilla Km 54+400 Jurisdicción de Aipe","Neiva - Natagaima","Aplica en ambos sentidos de circulación","53","376","667 10 30","3153340727 – 3174340907 - 3502621485","http://hermes.invias.gov.co/carreteras/images/peajes/peaje.jpg","15700","19400","23900","30300","46300","58000","67100","0","0","0","0","0","0","1600","0","0","0","0","0","5300","0","0","0","0","2","67","4506","0","0","0","3.39380979","3.39380979","Concesión Autovía Neiva – Girardot","14"
"POINT (-75.30281 8.03150800000003)","LA APARTADA","Vía Caucasia – Planeta Rica  Km 12","Caucasia - Planeta Rica","Sur – Norte","11","831","3216177100","3102467118","http://hermes.invias.gov.co/carreteras/images/peajes/la_apartada.jpg","14000","20700","20700","20700","37500","59700","68700","0","0","0","0","0","0","0","0","0","0","0","0","0","0","0","0","0","2","28","2513","0","0","0","8.03128061","8.03128061","Concesión Ruta al Mar","11"
"POINT (-74.185028 4.78040200000004)","SIBERIA","Bogotá (El Cortijo) – Siberia – La Punta – El Vino – Villeta","Villeta - Bogotá","Ambos sentidos de circulación","135","913","5939260","5939260 – 3185577768 – 3102613190 - 3002149460","http://hermes.invias.gov.co/carreteras/images/peajes/peaje.jpg","13800","19600","16500","21900","38300","51200","56300","5800","8000","0","0","0","5600","6400","0","0","0","0","9200","7500","10300","0","0","0","2","92","5008","0","0","0","4.78035984","4.78035984","CONCESIÓN SABANA DE OCCIDENTE","12"
"POINT (-74.808983 9.79138800000004)","PUENTE PLATO","KM 0+150  Vía Plata – Pueblo Nuevo","Plato – Pueblo Nuevo","Sur – Norte","0","323","018000945566 Opción 1","3165280403","http://hermes.invias.gov.co/carreteras/images/peajes/peaje.jpg","11700","14600","30500","43200","46200","0","0","0","0","2600","0","0","0","2900","0","0","0","0","0","0","0","0","0","0","2","131","8002","9000","8700","6500","9.791365729999999","9.791365729999999","Concesión (Yuma)","15"
"POINT (-74.820282 5.20158400000003)","HONDA","Km 35 + 100 Vía Mariquita – Honda","Fresno - Honda","Norte – Sur  / Sur - Norte","35","75","350 666-6375 - 350666-6386","3506666383 - 3506666384 - 3506666385","http://hermes.invias.gov.co/carreteras/images/peajes/honda.jpg","13700","14600","15200","15900","33500","45900","49700","0","0","0","0","0","5200","6000","0","0","0","0","0","0","0","0","0","0","2","91","5007","0","0","0","5.20150747","5.20150747","Concesionaria Alternativas Viales SAS.","24"
"POINT (-74.956105 10.967563)","PUERTO COLOMBIA","Vía al Mar Km 93","Cartagena - Lomita Arena","Ambos sentidos de circulación","93","572","018000977330 - 3114803629","3124572706 - 3157210245 o #212 Movistar / 3106303666 o #211 Claro / 3004510014 o #211 Tigo","http://hermes.invias.gov.co/carreteras/images/peajes/peaje.jpg","17200","25800","18900","32800","102000","135800","150700","0","0","0","0","0","0","12600","0","0","0","0","19100","0","0","0","0","0","2","147","90A01","0","0","0","10.96756325","10.96756325","Concesión Costera - Barranquilla - Cartagena","2"
"POINT (-75.8198619999999 9.09145900000004)","MATA DE CAÑA","Vía Monteria - Lorica Km 32+700 Metros","Cereté - Lorica","Sur – Norte","32","632","3216177100","3102468199 - 3145007265","http://hermes.invias.gov.co/carreteras/images/peajes/mata_de_cana.jpg","15800","23200","23200","23200","24700","36000","36100","0","0","0","0","0","0","8400","0","0","0","0","12500","0","0","0","0","0","2","2","2103","0","0","0","9.09142567","9.09142567","Concesión Ruta al Mar","11"
"POINT (-73.952462 6.64532600000007)","AGUAS NEGRAS","Vía Rio Ermitaño La Lizama Km 84","Río Ermitaño - La Lizama","Aplica en ambos sentido de circulación","83","900","Por Definir","3165298177","https://hermes.invias.gov.co/recursos/Fichas%20Peajes/3937.pdf","13500","17000","39500","47300","55600","0","0","0","0","0","0","0","0","0","0","0","0","0","0","0","0","0","0","0","2","72","4511","11000","10800","8100","6.64532648","6.64532648","Concesionaria Ruta Del Sol","22"
"POINT (-73.5835039999999 5.29067700000007)","ALBARRACÍN","Vía Bogotá Tunja KM 82+200 -  Jurisdicción Villa Pinzón (Cundinamarca)","Chocontá - Tunja","Ambos sentidos de circulación","80","2261","3174422284 // 3174341120 // 3174341030 // 3164086968","3203409278","http://hermes.invias.gov.co/carreteras/images/peajes/peaje.jpg","10300","11400","29300","36200","42600","0","0","0","0","0","0","0","0","0","0","0","0","0","0","0","0","0","0","0","2","103","5501","8200","6800","0","5.29046083","5.29046083","Concesión Briceño - Tunja - Sogamoso","4"
"POINT (-75.606506 9.46567700000003)","CAIMANERA",,"Coveñas - San Onofre","Sur – Norte","41","129","3216177100","3153483271","http://hermes.invias.gov.co/carreteras/images/peajes/peaje.jpg","15300","22100","22100","22100","40000","63400","73100","0","0","700","0","0","0","800","0","0","1000","0","800","800","800","0","700","0","2","136","9004","0","0","8000","9.46562409","9.46562409","Por Definir","11"
"POINT (-75.555374468 5.09425114600003)","QUIEBRA DE VELEZ",,"Tres Puertas - Quiebra de Vélez - Manizales",,"0","0",,,"http://hermes.invias.gov.co/carreteras/images/peajes/peaje.jpg","3100","9600","0","33000","37600","0","0","0","0","0","0","0","0","0","0","0","0","0","0","0","0","0","0","0","3","171",,"0","0","0","5.09425115","5.09425115",,"5"
"POINT (-75.5312729999999 6.15063000000004)","LAS PALMAS","Km. 5 RUTA 5601 Vía Medellín -  La Ceja","Glorieta Las Palmas - La Unión","Oriente – Occidente","0","0","(4) 4446178 - 2228085 - 4602225","(4) 4446178 - 2228085 - 4602225","http://hermes.invias.gov.co/carreteras/images/peajes/peaje.jpg","12200","14700","14700","14700","32300","43300","48500","0","0","0","0","0","6400","7300","5000","0","0","0","200","0","200","200","0","0","2","106","5601","0","0","0","6.15067302","6.15067302","Concesión Túnel Aburrá - Oriente S.A.","1"
"POINT (-72.57132 7.72137200000003)","LOS ACACIOS","Km 119+900","Pamplona - Cúcuta","Aplica en ambos sentidos","118","1646","3203452139","(7) 5767878","http://hermes.invias.gov.co/carreteras/images/peajes/peaje.jpg","7900","11100","24700","31800","36200","0","0","0","0","0","0","0","0","0","0","0","0","0","0","0","0","0","0","0","2","105","5505","8800","8500","6300","7.721382080000001","7.721382080000001","CONCESIÓN UNIÓN  VIAL RÍO PAMPLONITA","18"
"POINT (-75.598846 5.04866200000004)","SANTAGUEDA","Cruce Guayacanes – La Manuela Km 6","Chinchiná - La Manuela","Ambos sentidos de circulación","6","1092","3138176567 #850","(6) 3282720","http://hermes.invias.gov.co/carreteras/images/peajes/peaje.jpg","14600","17500","17500","17500","42600","53200","61600","0","0","0","0","0","0","0","0","0","0","0","0","0","0","0","0","0","2","43","29CL03","0","0","0","5.04864826","5.04864826","CONCESIÓN AUTOPISTAS DEL CAFE","5"
"POINT (-76.2533831599999 3.97204071900006)","BETANIA","Km 14 Vía Aguasclaras – Ocaña","Aguaclara - Río de Oro","Sur - Norte // Norte - Sur","78","131","3155602442","3155602442","http://hermes.invias.gov.co/carreteras/images/peajes/peaje.jpg","8200","10600","25000","34000","37700","0","0","0","0","0","0","0","0","0","0","0","0","0","0","0","0","0","0","0","3","35","25505","0","0","0","3.97204072","3.97204072","PISA Proyectos de Infraestructura S.A.","25"
"POINT (-73.5967029999999 4.19417200000004)","PUENTE AMARILLO","Conexión Anillo vial Cumaral Km 7+135","Cumaral - Barranca de Upía","Bidireccional","7","133","3178942293  - 018000180818","3168341260","http://hermes.invias.gov.co/carreteras/images/peajes/peaje.jpg","4800","16000","10200","16000","22600","30100","34100","0","0","0","0","0","0","0","0","0","0","0","0","0","0","0","0","0","2","120","6510","0","0","0","4.19414181","4.19414181","Concesión Vial del Oriente - COVIORIENTE S.A.S","16"
"POINT (-74.880531 4.24550200000004)","CHICORAL","Km. 17+0350 de la ruta 4004B que corresponde a la vía Variante de Chicoral","Variante Chicoral","Aplica en ambos sentidos de circulación","0","6493","3212087489","3138863287","http://hermes.invias.gov.co/carreteras/images/peajes/peaje.jpg","13800","15100","13800","17900","36100","48000","53000","0","0","0","0","0","5900","0","0","0","0","0","0","0","0","0","0","0","2","52","4004B","10100","9900","7100","4.2454536","4.2454536","Concesionaria San Rafael  S.A.","24"
"POINT (-73.463287 4.05697000000004)","LA LIBERTAD","Vía Villavicencio – Puerto López Km 18+900","Villavicencio - Paso por el Puente sobre el Río La Balsa -Puerto Lopez","Oriente","17","585","3223472204 - #765","(8) 6700868 – 3115615494","http://hermes.invias.gov.co/carreteras/images/peajes/peaje.jpg","16900","32700","26200","43100","63700","83600","95900","0","0","6100","0","0","0","7900","0","0","0","0","0","0","0","0","0","0","2","59","4007","0","0","0","4.05685996","4.05685996","Concesión Autopistas de los Llanos","16"
"POINT (-75.763725 8.63071100000008)","PURGATORIO","Via Planeta Rica – Montería Km 32+500 Recorrido 49 KMS","Caucasia - Planeta Rica","Aplica en ambos sentido de circulación","32","672","0947911207","3116346239 - 3116346139","http://hermes.invias.gov.co/carreteras/images/peajes/peaje.jpg","16100","23700","23700","23700","42700","67800","78000","0","0","0","0","0","0","8400","2500","0","0","400","12500","10400","10400","0","0","0","2","6","2513","0","0","0","8.63065943","8.63065943","Concesión Ruta al Mar","11"
"POINT (-74.456992 6.29471400000006)","ZAMBITO","Vía Rio Ermitaño La Lizama Km 6","Río Ermitaño - La Lizama","Aplica en ambos sentido de circulación","9","300",,"3165298178","https://hermes.invias.gov.co/recursos/Fichas%20Peajes/3920.pdf","13500","17000","39500","47300","55600","0","0","0","0","0","0","0","0","0","0","0","0","0","0","0","0","0","0","0","2","71","4511","11000","10800","7800","6.29471399","6.29471399","Concesionaria Ruta Del Sol","22"
"POINT (-77.408655204 1.08728410200007)","EL PLACER 2","A un Kilometro del Municipio de Tangua Km. 56+050","Puente Internacional Rumichaca - San Juan de Pasto","Aplica en ambos sentidos de circulación","56","81","Móvil1: 3174275839 -  atiende los municipios Ipiales -  Contadero e Iles Móvil 2: 3174042366 -  atiende a los Municipios de Imués -  Yacuanquer -  Tangua y Pasto","3173682092 – 3173310921","http://hermes.invias.gov.co/carreteras/images/peajes/peaje.jpg","12300","15000","29500","36900","39800","0","0","0","0","0","0","0","0","5800","0","0","0","0","7600","0","0","0","0","0",,"9","2501","0","0","0","1.0872841","1.0872841","Concesionaria Víal Uníon del Sur","17"
"POINT (-75.264267 10.136159)","GAMBOTE","Km 61+400 Ruta 9005 Troncal de Occidente","Cruz del Viso - Cartagena","Ambos sentidos de circulación","61","583","3212057227","3212057230","http://hermes.invias.gov.co/carreteras/images/peajes/peaje.jpg","11200","12400","27500","36600","41800","0","0","0","0","0","0","0","0","0","0","0","0","0","0","0","0","0","0","0","2","138","9005","8700","8400","6000","10.136133130000001","10.136133130000001","Ruta Caribe","3"
"POINT (-74.168495 10.608983)","TUCUNICA","KM 50 Rio Ariguani – Ye de Cienaga","Paso Nacional por Aracataca - Ye de Ciénaga","Norte – Sur","48","678","018000945566 Opción 1","3176486588","http://hermes.invias.gov.co/carreteras/images/peajes/peaje.jpg","10900","11900","27800","36400","42200","0","0","0","0","0","0","0","0","0","0","0","0","0","0","12300","16100","18700","0","0","2","78","4518","10300","9800","7000","10.60894721","10.60894721","Concesión (Yuma)","15"
"POINT (-74.7314643409999 4.40331639000004)","PUBENZA","Vía Chía – La Mesa – Girardot Km 16  Jurisdicción del Municipio de Tocaima","Girardot - Tocaima","Norte - Sur // Sur Norte","0","0","#815 Tigo - 018000953550","#815 Tigo - 018000953550","http://hermes.invias.gov.co/carreteras/images/peajes/peaje.jpg","8500","9600","10900","14400","21000","28000","32200","0","0","0","0","0","0","0","0","0","0","0","0","0","0","0","0","0","3","170",,"0","0","0","4.40331639","4.40331639","CONCESIÓN DEVISAB","12"
"POINT (-74.171477243 4.74462434300005)","LA TEBAIDA","Kilómetro 8 Vía Mosquera - Chía Jurisdicción del Municipio de Funza","Funza - Cota","Sur - Norte // Norte - Sur","0","0","*815 - 018000953550","*815 - 018000953550","http://hermes.invias.gov.co/carreteras/images/peajes/peaje.jpg","11200","13500","13500","15600","34500","42400","44800","0","0","0","0","0","0","0","0","0","0","0","0","0","0","0","0","0","3","165",,"0","0","0","4.7446243400000006","4.7446243400000006","CONCESIÓN DEVISAB","12"
"POINT (-74.0733949999999 4.45259900000002)","BOQUERÓN I","Tramo que cubre:Vía Rincón Hondo - Agustín Codazzi","San Roque - La Paz","Occidente – Oriente // Oriente – Occidente","4","122","3123060332 - 3105851322 -3105851325 y #713","3123063223 - 3123030336 – 3105851322","http://hermes.invias.gov.co/carreteras/images/peajes/peaje.jpg","16500","48500","24500","64100","72300","80300","96200","0","0","0","0","0","400","400","1800","6100","0","0","12700","400","0","0","0","0","2","55","4006","0","0","8000","4.45254251","4.45254251","COVIANDINA S.A.S.","12"
"POINT (-75.490621142 10.342343514)","LA HEROICA","Variante Mamonal - Gambote","Variante Mamonal - Gambote","Ambos sentidos de circulación","0","0","(57) (5)6609002 - 6607822 - 6609125","(57) (5)6609002 - 6607822 - 6609125","http://hermes.invias.gov.co/carreteras/images/peajes/peaje.jpg","2900","4600","8200","10700","16400","0","0","0","0","0","0","0","0","0","0","0","0","0","0","0","0","0","0","0","5","179",,"0","0","0","10.34234351","10.34234351","CONVIAL","3"
"POINT (-75.4505589999999 10.574535)","MARAHUACO","Km 16 Vía Cartagena  - Barranquilla","Cartagena - Lomita Arena","Ambos sentidos de circulación","15","949","018000977330 - 3114803629","3124572713 - 3157210245 Ó # 212 Movistar / 3106303666 Ó # 211 Claro / 3004510014 Ó # 211 Tigo","http://hermes.invias.gov.co/carreteras/images/peajes/peaje.jpg","18400","27600","20200","35000","109100","145500","161600","0","0","0","0","0","0","2400","0","0","0","0","2400","0","0","0","0","0","2","146","90A01","0","0","0","10.57453506","10.57453506","Concesión Costera - Barranquilla - Cartagena","3"
"POINT (-75.505280332 5.12551851000006)","LA ESTRELLA",,"Manizales - Neira",,"0","0",,,"http://hermes.invias.gov.co/carreteras/images/peajes/peaje.jpg","6100","7100","0","22500","25300","0","0","0","0","0","0","0","0","0","0","0","0","0","0","0","0","0","0","0","3","164",,"0","0","0","5.12551851","5.12551851",,"5"
"POINT (-75.599368636 6.33180205000002)","PAJARITO",,"Medellín - San Pedro",,"0","0",,,"http://hermes.invias.gov.co/carreteras/images/peajes/peaje.jpg","6000","6800","0","18800","21600","0","0","0","0","0","0","0","0","0","0","0","0","0","0","0","0","0","0","0","3","168",,"0","0","0","6.33180205","6.33180205",,"1"
"POINT (-74.426167866 4.90135570300004)","JALISCO","Peaje Río Bogotá – Facatativá – Villeta – Vianí – Cambao Km 89+400 Jurisdicción del Municipio de Albán","Sasaima - Albán","Occidente - Oriente // Oriente - Occidente","0","0","3102576509","3102576509  // 31*288","http://hermes.invias.gov.co/carreteras/images/peajes/peaje.jpg","12400","16800","14100","19600","35300","45700","55000","0","0","0","0","0","7900","0","0","0","0","0","0","0","0","0","0","0","3","163",,"0","0","0","4.9013557","4.9013557","CONCESIÓN PANAMERICANA","12"
"POINT (-75.618682 4.95009900000002)","TARAPACÁ II","Vía Pereira – Chinchiná PR29RSC Km 24 + 100","Intersección Jazmín - Estación de  Servicio Chinchiná","Aplica en ambos sentidos de circulación","24","754","3138176567 #850","(6) 3282720","http://hermes.invias.gov.co/carreteras/images/peajes/peaje.jpg","16100","21300","21300","21300","52500","69600","77700","0","0","0","0","0","0","0","0","0","0","0","0","0","0","0","0","0","2","45","29RSC","0","0","0","4.95009882","4.95009882","Concesión Autopistas del Café","21"
"POINT (-73.034207319 6.91737791400004)","LOS SANTOS",,"Piedecuesta - Los Santos","En ambos sentidos","0","0","037  646 9396 - 320 8003657","037 656 8002 - 316 6058384","http://hermes.invias.gov.co/carreteras/images/peajes/peaje.jpg","0","0","0","0","0","0","0","0","0","0","0","0","0","0","0","0","0","0","0","0","0","0","0","0","3","166",,"0","0","0","6.91737791","6.91737791","Concesión CONSTRUVICOL S.A","22"
"POINT (-72.321876241 11.606513783)","URIBIA",,"Cuatrovias - Uribia",,"0","0",,,"http://hermes.invias.gov.co/carreteras/images/peajes/peaje.jpg","0","0","0","0","0","0","0","0","0","0","0","0","0","0","0","0","0","0","0","0","0","0","0","0","4","180",,"0","0","0","11.60651378","11.60651378",,"13"
"POINT (-74.301889391 4.44416465900002)","SAN MIGUEL",,"Fusagasugá - Sibaté",,"0","0",,,"http://hermes.invias.gov.co/carreteras/images/peajes/peaje.jpg","7900","9800","26100","44900","47800","0","0","0","0","0","0","0","0","1600","0","0","0","0","1600","0","0","0","0","0","3","173",,"0","0","0","4.444164659999999","4.444164659999999",,"12"
"POINT (-74.2986611859999 4.58154202000003)","NUEVO SALTO","Kilómetro 1.4 Vía Chusacá – El Triunfo – Viotá – El Portillo en la Vereda Charquito (Soacha)","El Colegio - El Charquito","Aplica en ambos sentidos","0","0","Por Definir","3114810850","http://hermes.invias.gov.co/carreteras/images/peajes/peaje.jpg","11700","14200","14300","16700","32100","49500","53700","8500","0","0","0","0","0","7600","0","0","0","0","5300","9500","0","0","0","0","3",,,"0","0","0","4.5815420200000005","4.5815420200000005","Concesión Troncal del Tequendama.","12"
"POINT (-74.476174487 4.58098863300006)","SAN PEDRO","Chía - La Mesa - Girardot Km.61 Jurisdicción del Municipio de la Mesa","La Mesa - Anapoima","Norte - Sur // Sur - Norte","14","1007","#815 Tigo  018000953550","#815 Tigo  018000953550","http://hermes.invias.gov.co/carreteras/images/peajes/peaje.jpg","10500","11700","13500","18200","39200","51000","58900","0","0","0","0","0","0","0","0","0","0","0","0","0","0","0","0","0","3",,"4702","0","0","0","4.580988629999999","4.580988629999999","CONCESIÓN DEVISAB","12"
"POINT (-74.2939825239999 4.63824152500007)","MONDOÑEDO","Vía Chía – La Mesa – Girardot Km 105 Jurisdicción del Municipio de Bojacá","La Mesa - Mosquera","Norte - Sur // Sur Norte","0","0","#815  Tigo - 018000953550","#815  Tigo - 018000953550","http://hermes.invias.gov.co/carreteras/images/peajes/peaje.jpg","11200","13500","13500","15600","44800","61600","70300","0","0","0","0","0","0","0","0","0","0","0","0","0","0","0","0","0","3","167",,"0","0","0","4.63824153","4.63824153","CONCESIÓN DEVISAB","12"
"POINT (-74.289809132 4.62716543300007)","RAMAL","kilómetro 106 Via Mosquera - Ramal a Soacha","Variante Soacha - La Mesa","Occidente - Oriente // Oriente - Occidente","0","0","#815 Tigo – 018000953550","#815 Tigo – 018000953550","http://hermes.invias.gov.co/carreteras/images/peajes/peaje.jpg","11200","13500","13500","15600","44800","61600","70300","0","0","0","0","0","0","0","0","0","0","0","0","0","0","0","0","0","3","172",,"0","0","0","4.627165430000001","4.627165430000001","CONCESIÓN DEVISAB","12"
"POINT (-73.72142 4.20004800000004)","PIPIRAL","Vía Villavicencio – Puente Susumuco Km 78+020","Bogotá (El Portal) - Villavicencio","Occidente","72","40","3123060332 - 3105851322 -3105851325 y #713","3214698772 - 3105851322","http://hermes.invias.gov.co/carreteras/images/peajes/peaje.jpg","23000","45100","30900","53900","58800","89900","116200","0","0","0","0","0","3300","3700","3700","3400","0","0","0","0","0","0","0","0","2","58","4006","0","0","0","4.201095329999999","4.201095329999999","COVIANDINA S.A.S.","16"
"POINT (-75.4434161349999 10.3569754530001)","TURBACO","Km 60+00 y 68+00 Ruta 9005 Troncal de Occidente","Cruz del Viso - Cartagena","Ambos sentidos de circulación","96","420","3212057227","3212057230","http://hermes.invias.gov.co/carreteras/images/peajes/peaje.jpg","5100","11500","14100","14100","14100","0","0","0","0","0","0","0","0","0","0","0","0","0","3900","0","0","0","0","0","2","139","9005","0","0","0","10.35697545","10.35697545","Ruta Caribe","3"
"POINT (-75.526546588 10.4067850500001)","BAZURTO  (MANGA)","Vía Puente Nacional – San Gil Km 62+950","Puente Nacional - San Gil","Ambos sentidos de circulación","0","0","(57) (5)6609002 - 6607822 - 6609125","(57)(5)6609002 - 6607822 - 6609125","http://hermes.invias.gov.co/carreteras/images/peajes/peaje.jpg","2300","4100","0","9600","14800","0","0","0","0","0","0","0","0","0","0","0","0","0","0","0","0","0","0","0","5","160",,"0","0","8000","10.40678505","10.40678505","CONVIAL","3"
"POINT (-75.5059221819999 10.383016105)","CEBALLOS",,"La Línea - Cajamarca","Ambos sentidos de circulación","0","0","(57) (5)6609002 - 6607822 - 6609125","(57) (5)6609002 - 6607822 - 6609125","http://hermes.invias.gov.co/carreteras/images/peajes/peaje.jpg","2500","4100","0","9600","14800","0","0","0","0","0","0","0","0","0","0","0","0","0","0","0","0","0","0","0","5","176",,"0","0","0","10.38301611","10.38301611","CONVIAL","3"
"POINT (-75.4613569959999 6.17965929600007)","SANTA ELENA","Km 21+500  -  Vía Medellín - Ríonegro","Vía Antigua a Rionegro","Ambos sentidos de circulación","0","0","(4) 4446178 - 2228085 - 4602225","(4) 4446178 - 2228085 - 4602225","http://hermes.invias.gov.co/carreteras/images/peajes/peaje.jpg","10000","12100","22100","24900","27500","0","0","0","0","0","0","0","0","0","0","0","0","0","0","0","0","0","0","0","3","174","0","12900","0","0","6.1796593","6.1796593","Concesión Túnel Aburrá - Oriente  S.A","1"
"POINT (-75.478890798 6.17065388700007)","VARIANTE LAS PALMAS",,"Las Palmas - Aeropuerto",,"0","0",,,"http://hermes.invias.gov.co/carreteras/images/peajes/peaje.jpg","0","0","0","0","0","0","0","0","0","0","0","0","0","0","0","0","0","0","0","0","0","0","0","0","3","175",,"0","0","0","6.1706538900000005","6.1706538900000005","Concesión Túnel Aburrá-Oriente","1"
"POINT (-75.423661 6.39579700000007)","CABILDO","Vía Ubate Puente Nacional  Km 66+200 Jurisdicción Saboyá","Ubaté - Puente Nacional",,"0","0","01-8000-522-44-77","2892224 - 3108992859","http://hermes.invias.gov.co/carreteras/images/peajes/peaje.jpg","16700","18400","19500","28300","49000","61500","71000","0","0","0","0","0","0","2700","0","0","0","0","2700","0","0","0","0","0","2","23","0","0","0","8000","6.395796519999999","6.395796519999999",,"1"
"POINT (-75.651083 6.29319200000003)","ABURRA","Oriente Occidente Km 39+600 Occidente Oriente Km 44+800 -  vía Santa Fe de Antioquia Medellín","Puente Aurrá - Medellín","Santa Fe de Antioquia - Medellín","0","0","3176676335   018000400016","(1) 2863300","http://hermes.invias.gov.co/carreteras/images/peajes/peaje.jpg","20600","23200","50400","65600","78400","0","0","0","0","0","0","0","7900","8100","0","0","0","0","9200","0","0","0","0","0","2","114","0","6300","0","8000","6.29302034","6.29302034","DESARROLLO VIAL AL MAR SAS","1"
"POINT (-72.8350139999999 4.11271500000004)","CASETABLA",,"Armenia - La Línea","Oriente","16","237","018000918624 Operadores Claro – Movistar #765","3102466017","http://hermes.invias.gov.co/carreteras/images/peajes/casetabla.jpg","6900","7400","8200","8200","30400","37600","42400","0","0","0","0","0","0","0","0","0","0","0","0","0","0","0","0","0","2","60","4008","0","0","8000","4.11265462","4.11265462","Concesión Autopistas de los Llanos","16"
"POINT (-74.759003 10.799603)","SABANAGRANDE","Vía Oriental Km 55","Palmar de Varela - Barranquilla","Ambos sentidos de circulación","64","807","3212057227","3006738048","http://hermes.invias.gov.co/carreteras/images/peajes/peaje.jpg","11900","12800","28000","36600","42200","0","0","0","0","0","0","0","2300","3300","0","0","0","0","3900","0","0","0","0","0","2","34","2516","8700","8400","6000","10.79958164","10.79958164","Consorcio Ruta Caribe","2"
"POINT (-74.0289309999999 4.83535800000004)","FUSCA","Bogotá – Albarracín Km 4","Bogotá - Ubaté","Sur – Norte Aplica Únicamente saliendo de Bogotá","3","921","676 06 52","6760652  Opc 1 - 3125194023 – 3125196546","http://hermes.invias.gov.co/carreteras/images/peajes/peaje.jpg","11100","19200","12500","27800","42100","54000","59900","0","0","0","0","0","0","0","0","0","0","0","15700","0","0","0","0","0","2","101","45A04","0","0","0","4.87581637","4.87581637","CONCESIÓN ACCENORTE","12"
"POINT (-75.6164449999999 4.93954600000006)","TARAPACÁ I","Vía Pereira – Manizales Km. 20 + 200","La Romelia - Río Campo Alegre","Ambos sentidos de circulación","20","762","3138176567 #850","(6) 3282720","http://hermes.invias.gov.co/carreteras/images/peajes/peaje.jpg","16100","21300","21300","21300","47800","69600","77700","0","0","0","0","0","0","0","0","0","0","0","0","0","0","0","0","0","2","41","2902","0","0","0","4.93904749","4.93904749","CONCESIÓN AUTOPISTAS DEL CAFE","21"
"POINT (-75.594574 5.05220000000003)","SAN BERNARDO (TRINIDAD ll)","Tres Puertas – Puente La Libertad Km. 9 + 200","Tres Puertas -La Manuela - Estación Uribe","Ambos sentidos de circulación","9","177","3138176567 #850","(6) 3282720","http://hermes.invias.gov.co/carreteras/images/peajes/peaje.jpg","14600","17500","17500","17500","42600","53200","61600","0","0","0","0","0","3200","3700","0","0","0","0","4100","4300","0","0","0","0","2","90","5005","0","0","0","5.05220567","5.05220567","CONCESIÓN AUTOPISTAS DEL CAFÉ","5"
"POINT (-74.4141079999999 5.06536600000004)","CAIQUEROS","Vía Cauyá - El Palo","Cauyá - La Felisa","Ambos sentidos de circulación","76","1331","5939260","5939260 ---------3185577768---------- 3102613190----------- 3002149460","http://hermes.invias.gov.co/carreteras/images/peajes/peaje.jpg","12800","16600","40800","49200","56500","0","0","0","0","0","0","0","2100","2400","0","0","0","0","0","0","0","0","0","0","2","93","5008","9300","8900","0","5.0654696","5.0654696","CONCESIÓN SABANA DE OCCIDENTE","12"
"POINT (-75.320053 9.31889100000006)","LAS FLORES","Sincelejo-Puerta de Hierro-Calamar","Sincelejo - Corozal","Nor Oriente","5","600","3184095455 – 3182406622","3124964386","http://hermes.invias.gov.co/carreteras/images/peajes/peaje.jpg","6100","15600","24200","30600","35000","0","0","0","0","0","0","0","0","2400","5600","0","0","0","4600","0","0","0","0","0","1","31","2515","0","0","0","9.31884694","-75.32003599999999","INVIAS","23"
"POINT (-75.606148 4.69838800000002)","CIRCASIA","Vía Armenia - Pereira Km. 16+750","Armenia-Pereira","Norte Sur y Sur Norte","15","1723","602 22 33","(6) 3282720 3138176567 #850","http://hermes.invias.gov.co/carreteras/images/peajes/peaje.jpg","19200","24400","24400","24400","59200","72700","80900","0","0","0","0","0","0","0","0","0","0","0","0","0","0","0","0","0","2","40","2901","0","0","0","4.69835584","4.69835584","Concesión Autopistas del café","20"
"POINT (-74.109322 11.2530630000001)","NEGUANJE","Ubicación: 6+500 Tramo que cubre: Puente Nenguange – Palomino","Santa Marta - Río Palomino","Aplica en ambos sentidos","6","759","(5) 728 85 43","3138891473 - (5) 7288542/43","http://hermes.invias.gov.co/carreteras/images/peajes/peaje.jpg","12300","19000","15300","24100","35200","56600","71400","0","0","0","0","0","4800","5500","0","0","0","0","8300","0","0","0","0","0","2","142","9008","0","0","0","11.253129359999999","11.253129359999999","Concesión Santa Marta - Paraguachón S.A.","15"
"POINT (-74.031464 4.85540300000002)","UNISABANA","Bogotá – Albarracín Km 5+600","Bogotá - Ubaté","Sur – Norte","5","627","676 06 52","6760652  Opc 1 - 3125194023 – 3125196546","http://hermes.invias.gov.co/carreteras/images/peajes/peaje.jpg","0","0","0","0","42100","54000","59900","0","0","0","0","0","0","0","0","0","0","0","0","0","0","0","0","0","2","80","45A04","0","0","0","4.8636754799999995","4.8636754799999995","CONCESIÓN  ACCENORTE","12"
"POINT (-72.169253 4.35131700000005)","YUCAO","Vía Puerto López - Puerto Gaitán Km.99+200","Puerto López - Puerto Gaitán","Oriente","5","175","018000918624 Operadores Claro - Movistar #765","3102466052","http://hermes.invias.gov.co/carreteras/images/peajes/peaje.jpg","6900","7400","8200","8200","30400","37600","42400","0","0","0","0","0","0","0","0","0","0","0","0","0","0","0","0","0","2","61","4008","0","0","0","4.351317470000001","4.351317470000001","Concesión Autopistas de los Llanos","16"
"POINT (-75.5155329999999 6.32795500000003)","GUARNE","Km 7 Autopista Medellín - Bogotá","Medellín - Santuario","Oriente","6","950","#618 - 018000518427 -  (4) 3860085","018000518427  - 408-08-42 - 3860085","http://hermes.invias.gov.co/carreteras/images/peajes/peaje.jpg","16800","28900","23200","28900","57400","81800","81800","0","0","0","0","0","8800","10000","0","0","0","0","21100","0","0","0","0","0","2","110","6004","0","0","0","6.32789781","6.32789781","Concesión Devimed","1"
"POINT (-75.301956 2.78557800000004)","LOS CAUCHOS","Vía Garzon – Neiva Km 98+499 Jurisdicción Municipio de Rivera","Garzón - Neiva","Aplica en ambos sentidos de circulación","98","628","311 260 50 25  - #296","320 995 5541","http://hermes.invias.gov.co/carreteras/images/peajes/los_cauchos.jpg","9200","10000","21300","27100","30500","0","0","0","0","0","0","7500","5100","5900","0","0","0","0","2400","0","0","0","0","0","2","65","4505","8700","8400","6400","2.7855838","2.7855838","Concesión Rodovias Colombia S.A.S","14"
"POINT (-75.594025 5.96879700000005)","PRIMAVERA","KM 38+800 RUTA  2509 -  Via Medellin - La Pintada","La Pintada - Primavera","Sur – Norte","38","824","3185018100  - #272 Claro Movistar y Tigo","3173673153","http://hermes.invias.gov.co/carreteras/images/peajes/primavera.jpg","10500","11400","24200","30800","34600","0","0","0","0","0","0","0","0","0","0","0","0","0","0","0","0","0","0","0","2","22","2509","0","0","0","5.96890118","5.96890118","CONCESION LA PINTADA S.A.S. (ODINSA)","1"
"POINT (-74.8895879999999 11.0127000000001)","PAPIROS","Vía al mar Km 101","Cartagena - Lomita Arena","Sentido Occidente Oriente","103","788","018000977330 - 3114803629","3173317167","http://hermes.invias.gov.co/carreteras/images/peajes/peaje.jpg","3000","3000","9300","16100","50400","67600","74900","0","0","0","0","0","0","0","0","0","0","0","0","0","0","0","0","0","2","148","90A01","0","0","0","11.012699730000001","11.012699730000001","Concesión Costera - Barranquilla - Cartagena","2"
"POINT (-75.307259 2.97780200000005)","NEIVA","Vía Neiva – Castilla Km 3+700 Jurisdicción Municipio de Neiva","Neiva - Natagaima","Aplica en ambos sentidos de circulación","3","728","667 10 30","3153340727 – 3174340907 - 3502621485","http://hermes.invias.gov.co/carreteras/images/peajes/peaje.jpg","15700","19400","23900","30300","46300","58000","67100","0","0","0","0","0","4900","1600","0","0","0","0","1600","5300","5300","0","0","0","2","66","4506","0","0","0","2.97779795","2.97779795","Concesión Autovía Neiva – Girardot","14"
"POINT (-73.7751919999999 4.02625900000004)","OCOA","Vía Villavicencio – Granada Km 54+450","Ye de Granada - Paso por el Puente sobre el Río Ocoa","Sur","54","629","(578) 668 49 90-91","(8) 6700868 – 3138860370 - 018000918624 - #76","http://hermes.invias.gov.co/carreteras/images/peajes/peaje.jpg","13100","25300","19200","33100","48800","64500","70100","0","0","3500","0","0","0","4900","0","0","0","0","0","0","0","0","0","0","2","119","6509","0","0","0","4.0262463","4.0262463","Concesión Autopistas de Los Llanos","16"
"POINT (-74.613729591 5.49713170400003)","EL KORÁN","Bogotá – Medellín - Norte","El Korán - Guaduas","Sur – Norte Variante Guaduas - Intersección Koran","3","100","3185166166 / 018000914181","(1) 5188489","http://hermes.invias.gov.co/carreteras/images/peajes/peaje.jpg","18900","26400","37100","77200","95800","113600","0","0","0","0","0","0","0","4300","0","0","0","0","4300","0","0","0","0","0","1","97","5008B","13100","12600","9400","5.4971317","-74.613481","INVIAS","12"
"POINT (-74.0105799999999 4.66337400000003)","LOS PATIOS","La Calera – Briceño Km 0+050","Bogotá (Los Patios) - Guasca","Sur – Norte","21","639","3102399451 -  3162340275 -  #762 y 018000181762","3118179035","http://hermes.invias.gov.co/carreteras/images/peajes/patios.jpg","12300","19200","29600","43300","59300","59700","0","0","0","0","0","0","4900","5700","0","0","0","6000","11500","0","0","0","0","0","2","98","5009","8700","8400","6400","4.663724510000001","4.663724510000001","INVIAS – VIPSA","12"
"POINT (-73.945587 4.80945400000007)","LA CABAÑA","La Calera – Briceño Km 21+800","Bogotá (Los Patios) - Guasca","Norte – Sur","0","0","3102399451 -  3162340275 -  #762 y 018000181762","3112178121","http://hermes.invias.gov.co/carreteras/images/peajes/la_cabana.jpg","12300","19200","29600","43300","59300","59700","0","0","0","0","0","0","0","5700","0","0","0","0","11500","0","0","0","0","0","2","99","5009","8700","8400","6400","4.80953214","4.80953214","PERIMETRAL ORIENTAL DE BOGOTÁ S.A.S","12"
"POINT (-75.124916 9.68215500000002)","EL CARMEN","Km 70+500 Troncal de Occidente Ruta 2515 Vía Sincelejo – Calamar","Puerta de Hierro - Carreto","Ambos sentidos de circulación","60","667","3162954845 - #270 Claro","3162954845","http://hermes.invias.gov.co/carreteras/images/peajes/el_carmen.jpg","11100","12300","25400","32300","36400","0","0","0","0","0","0","0","1400","1600","0","0","0","0","1600","0","0","0","0","0","2","32","2515","8700","8400","6400","9.68130032","9.68130032","Autopista de la sabana","3"
"POINT (-75.858871 4.99906200000004)","ACAPULCO","Vía Y de Cerritos  - Cauyá PR2507 Km 24","La Virginia - Remolinos","Aplica en ambos sentidos de circulación","24","45","018000423780 – 3219738470","3219738470","http://hermes.invias.gov.co/carreteras/images/peajes/acapulco.jpg","14600","17900","17900","17900","42900","53700","61900","0","0","0","0","0","0","0","0","0","0","0","0","0","0","0","0","0","2","19","2507","0","0","8000","4.99904882","4.99904882","CONCESION PACÍFICO TRES S.A.S  (ODINSA)","21"
"POINT (-73.122124 11.276194)","EL EBANAL","Ubicación: 53+950 Tramo que cubre:Vía Riohacha - Palomino","Río Palomino - Riohacha","Aplica en ambos sentidos de circulación","955","53","(5) 728 85 43","3143300807 - (5) 7288542 /43","http://hermes.invias.gov.co/carreteras/images/peajes/peaje.jpg","12300","19000","15300","24100","35200","56600","71400","0","0","0","0","0","4800","5500","0","0","0","0","8300","0","0","0","0","0","2","143","9009","0","0","0","11.276216629999999","11.276216629999999","Concesión  Santa Marta - Paraguachón S.A .","13"
"POINT (-74.8611529999999 4.19209900000004)","FLANDES","Km. 4 Vía Espinal - Girardot","El Espinal - Girardot","Aplica en ambos sentidos de circulación","47","1640","667 10 30","3153340727 – 3174340907 - 3502621485","http://hermes.invias.gov.co/carreteras/images/peajes/peaje.jpg","15700","19400","23900","30300","46300","58000","67100","0","0","0","0","0","7000","8600","0","0","0","0","0","0","0","0","0","0","2","68","4507","0","0","0","4.19217311","4.19217311","Concesión Autovía Neiva - Girardot","24"
"POINT (-74.729718979 10.978719174)","LAUREANO GÓMEZ","KM 3+300 Vía Barranquilla – Santa Marta","Barranquilla - Santa Marta","Norte – Sur","5","569","3106303030 - 3106328761","3106328761","http://hermes.invias.gov.co/carreteras/images/peajes/peaje.jpg","10100","1200","28100","37200","42100","0","0","0","0","0","0","0","0","0","0","0","0","0","0","0","0","0","0","0","3","158","9007","15900","0","0","10.97871917","10.97871917","Concesión (Barranquilla -Ciénaga)","15"
"POINT (-73.448189 4.26108800000003)","VERACRUZ","Vía Cumaral – Paratebueno Km 29+555","Cumaral - Barranca de Upía","Bidireccional","29","557","3178942293  - 018000180818","3168341260","http://hermes.invias.gov.co/carreteras/images/peajes/peaje.jpg","8600","17200","11100","17200","24600","33000","36900","0","0","0","0","0","0","0","0","0","0","0","0","0","0","0","0","0","2","121","6510","0","0","0","4.26106406","4.26106406","Concesión Vial del Oriente - COVIORIENTE S.A.S","16"
"POINT (-74.3366643319999 10.9771881520001)","TASAJERA","KM 50 Vía Barranquilla – Santa Marta","Barranquilla - Santa Marta","Norte – Sur","50","881","3106303030 - 3106328761","3106328761","http://hermes.invias.gov.co/carreteras/images/peajes/peaje.jpg","10100","12000","28100","37200","42100","0","0","0","0","0","0","0","0","0","0","0","0","0","0","0","0","0","0","0","3","159","9007","15900","0","0","10.97718815","10.97718815","Concesión (Barranquilla -Ciénaga)","15"
"POINT (-75.899872 4.40792900000002)","COROZAL","Vía La Paila - Armenia Km 23","La Paila - Club Campestre","Sur - Norte // Norte - Sur","21","1604","3138176567 #850","(6) 3282720","http://hermes.invias.gov.co/carreteras/images/peajes/peaje.jpg","14600","17500","17500","17500","42600","53200","61600","0","0","0","0","0","0","0","0","0","0","0","0","0","0","0","0","0","2","48","4002","0","0","0","4.4079603999999994","4.4079603999999994","AUTOPISTAS DEL CAFÉ","25"
"POINT (-75.37861 6.47799800000007)","PANDEQUESO","KM 38+700 RUTA 2510 -  vía Medellín – La costa","Medellìn - Hoyo Rico","Norte - Sur","0","0","094-4012277 - 018000524477","094-8664105 - 3108992850","http://hermes.invias.gov.co/carreteras/images/peajes/peaje.jpg","14600","16200","16200","16200","33600","45500","49500","0","0","0","0","0","3600","700","0","0","0","0","700","0","0","0","0","0","2","25","2510","0","7800","6000","6.47799776","6.47799776","CONCESION ANI","1"
"POINT (-75.998909 8.81977500000005)","CEDROS","Via Puerto Rey – Montería Km 47 Recorrido  67 KMS","Puerto Rey - Monteria","Aplica en ambos sentido de circulación","46","1001","094 - 7911207","3116346193 - 3116346192","http://hermes.invias.gov.co/carreteras/images/peajes/peaje.jpg","16100","23700","23700","23700","42700","67800","78000","0","0","0","0","0","0","8400","0","0","0","0","12500","0","0","0","0","0","2","130","7401","0","0","0","8.819768369999998","8.819768369999998","Concesión Ruta al Mar","11"
"POINT (-74.267754 9.83116600000005)","EL DIFÍCIL","KM 67+300 Plato – Pueblo Nuevo","Plato – Pueblo Nuevo","Sur – Norte","67","175","018000945566 Opción 1","3165298176","http://hermes.invias.gov.co/carreteras/images/peajes/peaje.jpg","11700","14600","30500","43200","46200","0","0","0","0","2600","0","0","0","2900","0","0","0","0","0","0","0","0","0","0","2","132","8002","9000","8700","6500","9.831146649999999","9.831146649999999","Concesión (Yuma)","15"
"POINT (-73.839882 5.03128500000003)","EL ROBLE","Bogotá – Albarracín Km 36","Bogotá - Chocontá","Sur – Norte // Norte – Sur","0","0","3174422284 // 3174341120 //  3174341030 // 3164086968","3203409278","http://hermes.invias.gov.co/carreteras/images/peajes/peaje.jpg","10300","11400","29300","36200","42600","0","0","0","0","0","0","0","4600","4800","0","0","0","0","0","0","0","0","0","0","2","102","5501","8600","7200","6000","5.03129885","5.03129885","CONCESIÓN BRICEÑO – TUNJA – SOGAMOSO","12"
"POINT (-75.6598739999999 6.04694900000004)","AMAGÁ","KM 03+100 RUTA 6005 Via Santuario - Puerto Triunfo","El Santuario - Cruce Ruta 45 (Caño Alegre)","Suroeste Tramo que cubre: Bolombolo - Camilo C","89","351","3207103032","3207103032","http://hermes.invias.gov.co/carreteras/images/peajes/amaga.jpg","10500","11400","24200","30800","34600","0","0","0","0","0","0","7500","0","0","0","0","0","0","4800","10700","0","0","0","0","2","109","6003","8700","8400","8000","6.04695376","6.04695376","Concesión Vial del Pacífico","1"
"POINT (-75.393358 9.87253100000004)","SAN ONOFRE","Vía San Onofre – Cruz del Viso Km 21+400 metros","San Onofre - María La Baja","Norte – Sur","21","497","3216177100","3104320955","http://hermes.invias.gov.co/carreteras/images/peajes/san_onofre.jpg","16100","23700","23700","23700","42700","67800","78000","0","0","0","0","0","0","0","0","0","0","0","0","0","0","0","0","0","2","137","9005","0","0","0","9.86351925","9.86351925","Concesión Ruta al Mar","23"
"POINT (-75.435951 9.43074200000007)","LA ESPERANZA","Toluviego - Sincelejo","Sincelejo - Toluviejo","Aplica en ambos sentidos","15","200","3184095455 – 3182406622","3124964386","http://hermes.invias.gov.co/carreteras/images/peajes/la_esperanza.jpg","10900","11800","25300","31800","36100","0","0","0","0","0","0","0","0","3000","5800","0","0","0","0","0","0","0","0","0","1","39","25SC01","11300","10900","8300","9.4307452","-75.435839","INVIAS","23"
"POINT (-72.5423520589999 11.4448736530001)","ALTO PINO","Cogua – Tausa Km 40+000","Rioacha - Paraguachon","Aplica en ambos sentidos de circulación","41","170","(5) 728 85 43","314 3300807 - (5) 7288542 /43","http://hermes.invias.gov.co/carreteras/images/peajes/peaje.jpg","12300","19000","15300","24100","35200","56600","71400","0","0","0","0","0","4800","5500","0","0","0","0","8300","0","0","0","0","0","2","144","9010","0","0","13000","11.44487365","11.44487365","Concesión  Santa Marta Paraguachón S.A","13"
"POINT (-75.700684 2.14288500000004)","ALTAMIRA","Vía Planeta Rica - Sincelejo Km 26 + 300","Planeta Rica - La Ye","Aplica en ambos sentidos de circulación","497","60","311 260 50 25  - #296","320 995 5541","http://hermes.invias.gov.co/carreteras/images/peajes/altamira.jpg","10700","12000","24600","31300","35400","0","0","0","0","0","0","7500","2400","2700","0","0","0","0","0","0","0","0","0","0","2","64","4504","8700","8400","8500","2.14291405","2.14291405","Concesión Rodovias Colombia S.A.S","14"
"POINT (-74.271805 4.53745200000003)","CHUSACÁ","Soacha – Girardot Km 109","Girardot - Silvania - Bogotá (Bosa)","Sur - Norte // Norte - Sur","109","217","3104224687 - 3117872339 - 3117903187","3104224687 - 3117872339 - 3117903187","http://hermes.invias.gov.co/carreteras/images/peajes/peaje.jpg","13300","14900","31500","51100","58600","0","0","0","0","0","0","0","0","0","0","0","0","0","0","0","0","0","0","0","2","54","4005","10100","9800","6600","4.54776617","4.54776617","Concesión  Vía 40 Express","12"
"POINT (-75.050087 4.30042600000007)","GUALANDAY","Km. 9+0600 de la ruta 4004 que corresponde a la vía Ibagué (Puente Blanco  El Espinal (cruce ruta 45))  Espinal","Ibague (Puente Blanco) - Cruce Ruta 45 (Espinal)","Aplica en ambos sentidos de circulación","9","551","3212087489","3138863287","http://hermes.invias.gov.co/carreteras/images/peajes/peaje.jpg","12700","14900","35000","47000","51700","0","0","0","0","0","0","0","5900","6300","0","0","0","0","0","0","0","0","0","0","2","51","4404","9900","9300","6600","4.3004288","4.3004288","Concesionaria San Rafael S.A.","24"
"POINT (-73.2784349999999 5.65691200000003)","TUTA","Via Tunja – Paipa Km 12+200 Jurisdiccion Combita","Tunja - Duitama","Ambos sentidos de circulación","11","1055","3174422284","3174340959","http://hermes.invias.gov.co/carreteras/images/peajes/peaje.jpg","10300","11400","29300","36200","42600","0","0","0","0","3000","0","0","4200","4700","2600","0","0","0","5300","0","0","0","0","0","2","104","5502","8200","6800","5700","5.6568966000000005","5.6568966000000005","Concesión Briceño - Tunja - Sogamoso","4"
"POINT (-75.433016 6.39963700000004)","TRAPICHE","Km 4  Vía alterna Girardota Hatillo","Medellìn - Hoyo Rico","Norte","0","0","(054) 312 11 99-325 06 60","2892224 – 3108992859 - 01-8000-522-44-77","http://hermes.invias.gov.co/carreteras/images/peajes/peaje.jpg","16700","18400","19500","28300","49000","61500","71000","0","0","0","0","0","0","2700","0","0","0","0","2700","0","0","0","0","0","2","24","2510","0","0","0","6.39963727","6.39963727",,"1"
"POINT (-75.679156 5.81215600000007)","PINTADA","KM 03 RUTA 25B01 Vía Pintada – Bolombolo","La Pintada - Peñalisa","Sur – Norte","2","957","3185018100  - #272 Claro Movistar y Tigo","3173673153","http://hermes.invias.gov.co/carreteras/images/peajes/peaje.jpg","16200","18900","18900","18900","42900","54100","61800","0","0","0","0","0","0","9200","0","0","0","0","10100","10100","10100","0","0","0","2","38","25B01","8700","8400","6400","5.749465359999999","5.749465359999999","Concesión Pacifico Tres S.A.S.","1"
"POINT (-73.553398 5.07724900000005)","MACHETÁ","Vía Sisga – Guateque Km 27","Brisas - Guateque","Ambos sentidos de circulación","27","250","320 928 4913 - 321 964 0314","320 928 4913 - 321 964 0314","http://hermes.invias.gov.co/carreteras/images/peajes/peaje.jpg","16900","20500","11800","11800","24700","63600","73700","0","0","0","0","0","3800","5400","0","0","0","0","12200","0","0","0","0","0","2","107","5607","8700","8400","6400","5.07726298","5.07726298","CONCESIÓN DEL SISGA S.A.S.","12"
"POINT (-73.923826 10.060372)","EL COPEY","Km 10+300 Vía Bosconia – Rio Ariguani","Bosconia - Río Ariguaní","Sur – Norte","10","448","018000945566 Opción 1","3165280504","http://hermes.invias.gov.co/carreteras/images/peajes/peaje.jpg","10100","11100","25800","33700","39100","0","0","0","0","0","0","0","0","0","0","0","0","0","0","11400","14900","17300","0","0","2","77","4517","9500","9100","6500","10.0603631","10.0603631","Yuma Concesionaria","9"
"POINT (-75.485086785 10.3096587110001)","CORRALITO DE PIEDRA","Variante Mamonal - Gambote","Vía a Barú","Ambos sentidos de circulación","26","328","(57) (5)6609002 - 6607822 - 6609125","(57) (5)6609002 - 6607822 - 6609125","http://hermes.invias.gov.co/carreteras/images/peajes/peaje.jpg","7900","8500","18100","23700","27400","27400","27400","0","0","0","0","0","2900","0","0","0","0","0","0","7200","0","0","0","0","5","177","90BLB","0","0","0","10.309658709999999","10.309658709999999","CONVIAL","3"
"POINT (-74.902122 10.8375330000001)","GALAPA","Vía Cordialidad Km 98","Sabanalarga - Barranquilla","Ambos sentidos de circulación","101","927","3212057229","3212057229","http://hermes.invias.gov.co/carreteras/images/peajes/peaje.jpg","11900","12800","27300","35100","39500","55700","61800","0","0","0","0","0","0","0","0","0","0","0","0","0","0","0","0","0","2","140","9006","9000","8700","6500","10.83754487","10.83754487","Autopista del Sol","2"
"POINT (-75.365173 10.546992)","BAYUNCA","KM 03+450 RUTA 2511 -  vía Medellin - La Costa","Los Llanos - Tarazá","Ambos sentidos de circulación","19","578","3212057227","3212057236","http://hermes.invias.gov.co/carreteras/images/peajes/peaje.jpg","11200","12400","27500","36600","41800","0","0","0","0","0","0","0","0","0","0","0","0","0","0","0","0","0","0","0","2","141","9006","8700","8400","8500","10.54696941","10.54696941","Autopistas del sol","3"
"POINT (-73.669722 8.85280400000005)","PAILITAS","Km 28+500 Vía La Mata – San Roque","La Mata - San Roque","Norte – Sur – Norte","28","600",,"3165280395","https://hermes.invias.gov.co/recursos/Fichas%20Peajes/3802.pdf","12300","13300","27300","34800","39500","0","0","0","0","0","0","0","4800","5200","0","0","0","0","200","12000","15300","17500","0","0","2","75","4515","11000","10800","7800","8.85280385","8.85280385","INVÍAS","9"
"POINT (-73.6394349999999 9.63800300000003)","LA LOMA","Km 42 Vía San Roque - Bosconia","San Roque - Bosconia","Sur – Norte","40","1927","018000945566 Opción 1","3158210547","http://hermes.invias.gov.co/carreteras/images/peajes/peaje.jpg","10400","11400","24700","31800","36200","0","0","0","0","0","0","0","0","0","0","0","0","0","0","10900","14100","16000","0","0","2","76","4516","9000","8700","6500","9.63801652","9.63801652","Concesión Yuma","9"
"POINT (-73.546519 7.39717600000006)","LA GÓMEZ","Vía La Lizama – San Alberto Km 37 + 300","Cruce Ruta 45 (La Fortuna) - Lebrija","Sur – Norte","37","300","Por Definir","Por Definir","https://hermes.invias.gov.co/recursos/Fichas%20Peajes/3800.pdf","13500","17000","39500","47300","55600","0","0","0","0","0","0","0","0","0","0","0","0","0","0","0","0","0","0","0","2","126","6602","11000","10800","7800","7.39717597","7.39717597","INVIAS","22"
"POINT (-72.305021639 5.41098872700007)","ARANGUANEY (NO OPERATIVO)","Via Sogamoso Yopal Km 8+900  Jurisdiccion Sogamoso","Sogamoso - El Crucero","Bidireccional","16","800","Por Definir","Por Definir",,"0","0","0","0","0","0","0","0","0","0","0","0","0","0","0","0","0","0","0","0","0","0","0","0","1",,"6513","0","0","2400","5.41098873","5.41098873","INVÍAS","7"
"POINT (-73.430756 10.2597040000001)","VALENCIA","Km 87 Vía Pueblo Nuevo – Valledupar","Pueblo Nuevo – Bosconia – Valledupar","Sur – Norte","87","540","018000945566 Opción 1","3165280411","http://hermes.invias.gov.co/carreteras/images/peajes/peaje.jpg","10400","11400","24700","31800","36200","0","0","0","0","0","0","0","0","0","0","0","0","0","0","0","0","0","0","0","2","133","8003","9000","8700","6500","10.2597059","10.2597059","Yuma Concesionaria","9"
