"codigo_tramo","ruta","nombre_ruta","nombre_tramo","sector","distancia_inicial","distancia_final","shape__length","territorial"
"55ST02","55","Conexiones Troncal Central - Troncal Central del Norte","Malaga - Los Curos","Málaga - Los Curos","0","0","122403.64811735247","22"
"50CN03","50","Conexión Transversal Buenaventura - Puerto Carreño y Troncal Central del Norte","Cruce ruta 50 (El Salitre) Cruce ruta 55 (Briceño)","El Salitre - Sopó","0","505","10623.30225574115","28"
"45A04","45","Troncal Central","Paso Nacional Por Zipaquira","Paso Nacional por Zipaquirá","200","200","3914.8859952996827","12"
"4510","45","Troncal del Magdalena","Troncal Magdalena","Puerto Salgar - Río Ermitaño","0","470","187543.56321619017","28"
"4508","45","Troncal del Magdalena","Troncal Magdalena","Girardot - Cambao","0","306","88713.94272379368","28"
"45CSG","45","Troncal del Magdalena","Por Defnir","Variante al poblado de Morrison","0","138","2254.1976983081113","26"
"45CSE","45","Troncal del Magdalena","Troncal Magdalena","Variante al Poblado de Minas","0","812","3437.777196237345","26"
"45CS04","45","Acceso Troncal del  Magdalena","Por Defnir","Aguaclara – Circunvalar de Aguachica","0","920","1904.6668032457826","26"
"45CS04","45","Acceso Troncal del  Magdalena","Por Defnir","Aguaclara – Circunvalar de Aguachica","920","310","1397.5854652923351","26"
"70CS03","70","Acceso Troncal del  Magdalena","Por Defnir","Gamarra – Puerto Capulco","620","0","3326.309455471507","26"
"7006","70","Acceso Troncal del  Magdalena","Por Defnir","Aguachica – Gamarra","750","450","13015.785899079066","26"
"3603","36","Alternas Buga - Puerto Inirida","Ortega - Guamo","Ortega - Guamo","0","253","35828.49215480683","24"
"45TL10","45","Alternas a la Troncal del Magdalena","Por Defnir","Cruce Ruta 45 (Los Arbolitos) - Cruce Ruta 40 (Terminal)","0","820","2819.253778137094","28"
"5008","50","Transversal Medellin - Bogotá","Por Defnir","Segmentos  Viales fuera de Servicio","826.8","99.7","2752.902625077675","28"
"4510","45","Troncal del Magdalena","Por Defnir","Segmentos  Viales fuera de Servicio","86","246.5","237.76315934954857","28"
"45CLB","45","Troncal del Magdalena","Por Defnir","Variante La Dorada - Puerto Salgar","0","790","14377.1270091076","28"
"25ANI","25","Alternas a la Troncal de Occidente","Por Defnir","Variante La Pintada","0","76","2076.6616722050207","28"
"3602","36","Alternas Buga - Puerto Inirida","Chaparral - Ortega","Chaparral - Ortega","0","514","43739.45733685323","24"
"3001","30","Transversal Neiva - San Vicente","Transversal Neiva - San Vicente","Neiva - Balsillas","0","0","53691.963117256164","14"
"25ANH","25","Troncal de Occidente","Por Defnir","Variante de Caucasia","0","658","5422.347983872301","28"
"80MGA","80","Transversal Carmen - Bosconia - Valledupar - Maicao - Puerto Bolivar","Por Defnir","Variante de Pueblo Nuevo","0","868.6","6073.343527729742","28"
"70NS06-1","70","Conexión Colombia - Venezuela","Por Defnir","Cucuta - Puente Binacional Tienditas","0","272","2605.5449810538157","18"
"45CSD","45","Troncal del Magdalena","Por Defnir","Variante al  Poblado El Libano","0","139","2137.6971866010367","26"
"43HL02-1","43","Alternas a la Troncal del Magdalena","Por Defnir","EL Juncal-Casa Blanca","0","962","9016.43772674044","28"
"4001","40","Transversal Buenaventura - Villavicencio - Puerto Carreño","Por Defnir","Segmentos  Viales fuera de Servicio","0","0","3395.939092961208","25"
"25CRA","25","Troncal de Occidente","Por Defnir","Variante de Planeta Rica","0","569.62","5601.995986022428","28"
"2504","25","Alternas a la Troncal de Occidente","Popayan - Santander de Quilichao - Cali","Jamundi - Cali","1180","776","19997.4709275406","25"
"23VL02-1","23","Circuito Cali - Palmira","Por Defnir","El Limón - Rozo","0","700","3792.8671701168796","25"
"23VL02-2","23","Circuito Cali - Palmira","Por Defnir","El Limón - La Acequia","0","200","6253.630058623672","28"
"3002","30","Transversal Neiva - San Vicente","Santo Domingo - Mina Blanca","Santo Domingo - Mina Blanca","500","0","53153.6407832235","6"
"62ANE","62","Troncal de Uraba","Por Defnir","Variante de Currulao","0","416","6528.580514424014","1"
"4006A","40","Conexión Transversal Buenaventura - Puerto Carreño y Troncal Central del Norte","Por Defnir","Bogotá - Choachí - Ubaque","0","400","31764.133190256398","12"
"40MTA","40","Alternas a la Transversal Buenaventura - Villavicencio - Puerto Carreño","Pipiral - Villavicencio","Pipiral - Villavicencio","0","583","14341.0709398124","16"
"45TLE","45","Troncal del Magdalena","Por Defnir","Variante de Natagaima","0","100","3066.833028837252","14"
"4007","40","Transversal Buenaventura - Villavicencio - Puerto Carreño","Por Defnir","Intersección Séptima Brigada - PR 0+0654","0","654","653.4907729061044","16"
"62ANF","62","Troncal de Uraba","Por Defnir","Variante de Apartadó","0","166","9333.866183722663","1"
"5002","50","Transversal Las Animas - Bogotá","Las Animas - Santa Cecilia","Mumbú - Santa Cecilia","0","608","23102.440959588315","21"
"6509","65","Troncal Villagarzon - Saravena","Por Defnir","Ye de Granada - Paso por el Puente sobre el Río Ocoa","0","925","69988.67193180181","16"
"6511","65","Troncal Villagarzon - Saravena","Por Defnir","Barranca de Upía - Monterrey","0","550","50685.02201172571","7"
"4507","45","Troncal del Magdalena","Castilla - Girardot","Paso Nacional  por El Guamo","60","1130","3902.93883493482","24"
"4506","45","Troncal del Magdalena","Neiva - Castilla","Paso Nacional por Natagaima","100","400","3477.5669812268584","14"
"4507","45","Troncal del Magdalena","Por Defnir","Puente Saldaña","150","270","119.95504200058467","24"
"4301","43","Alternas a la Troncal del Magdalena","Paicol - Tesalia - Teruel - Palermo","Cruce Tesalia - Teruel","0","500","50806.95714300232","14"
"4505","45","Troncal del Magdalena","Por Defnir","Garzón - Neiva","0","500","106951.0186609762","14"
"7008","70","Acceso a Cucuta y Venezuela","Por Defnir","Ocaña - Alto del Pozo","0","0","71077.5347957789","26"
"40CN01","40","Transversal Buenaventura - Villavicencio - Puerto Carreño","Por Defnir","El Portal - El Antojo","0","150","10983.227465689626","12"
"40CNA","40","Transversal Buenaventura - Villavicencio - Puerto Carreño","Por Defnir","Paso por Chipaque","0","772","779.9887274453929","12"
"5607","56","Conexión Troncal Central del Norte - Troncal Villagarzon - Saravena","Por Defnir","Brisas - Guateque","146","790","38163.628543985265","12"
"P.D.","PDef","Por Definir","Por Definir","Por Definir","0","0","1875.0401978190148","28"
"5009","50","Conexión Transversal Buenaventura - Puerto Carreño y Troncal Central del Norte","Por Defnir","Bogotá (Los Patios) - Guasca","0","0","34884.66904575959","12"
"62ANG","62","Troncal de Uraba","Por Defnir","Variante de El Reposo","0","457","6616.839966434683","1"
"5504","55","Troncal Central del Norte","La Palmera - Presidente","La Palmera - Presidente","0","210","100897.89102766411","22"
"5607","56","Conexión Troncal Central del Norte - Troncal Villagarzon - Saravena","Por Defnir","Chocontá - Brisas","0","146","7148.499026351182","12"
"4506","45","Troncal del Magdalena","Por Defnir","Neiva - Natagaima","0","100","82685.19810408835","14"
"4506","45","Troncal del Magdalena","Por Defnir","Natagaima - Castilla","400","652","20294.70666253463","14"
"5604","56","Circuito de las Provincias de Rionegro y Bajo Magdalena","Por Defnir","Yacopí - La Palma","0","500","19410.557780367784","12"
"5604","56","Circuito de las Provincias de Rionegro y Bajo Magdalena","Por Defnir","Yacopí - La Palma","500","500","2983.6865896046666","12"
"6404","64","Ruta de Los Libertadores","Por Defnir","Belén - Sácama","0","500","122961.93856623612","4"
"5009","50","Conexión Transversal Buenaventura - Puerto Carreño y Troncal Central del Norte","Por Defnir","Paso por Guasca","0","500","1272.788118998869","12"
"5008","50","Transversal Las Animas - Bogotá","Por Defnir","Honda - Villeta","850","0","58445.20466066566","12"
"4008","40","Transversal Buenaventura - Villavicencio - Puerto Carreño","Por Defnir","Puerto López - Puerto Gaitán","0","619","108552.81840074045","16"
"3002","30","Transversal Neiva - San Vicente","Por Defnir","Balsillas - Santo  Domingo","0","500","58651.95298721768","14"
"40CNB","40","Transversal Buenaventura - Villavicencio - Puerto Carreño","Por Defnir","Puente Real - Cáqueza - El Tablón","800","400","11774.003466924169","12"
"40TL05","40","Transversal Buenaventura - Villavicencio - Puerto Carreño","Por Defnir","Cruce Ruta 40 - La Tambora","0","224","3463.9767191816986","24"
"5007","50","Transversal Las Animas - Bogotá","Por Defnir","Puente Luis Ignacio Andrade en Honda (VARIANTE HONDA - PUERTO BOGOTÁ)","0","1150","2779.6513573504435","24"
"6509","65","Troncal Villagarzon - Saravena","Por Defnir","Entrada Ciudad Porfía - Caño Tigre","925","2775","4597.198497933364","16"
"65MTB","65","Alternas a la Transversal Buga - Puerto Inirida","Por Defnir","Paso Nacional por Puerto Limón","0","890","1873.8871443749551","16"
"4507","45","Troncal del Magdalena","Por Defnir","Paso Nacional por El Espinal","500","0","6622.584535064129","24"
"65MTA","65","Alternas a la Transversal Buga - Puerto Inirida","Por Defnir","Paso Nacional por Puerto Lleras","0","0","14446.941326971086","16"
"6508","65","Transversal Buga - Puerto Inirida","Por Defnir","Cruce Puerto Rico - Ye de Granada","0","938","103594.9091034645","16"
"4507","45","Troncal del Magdalena","Por Defnir","Castilla - Girardot","1130","500","11716.330731765665","24"
"4507","45","Troncal del Magdalena","Por Defnir","Castilla - Girardot","270","60","9751.589590392061","24"
"4507","45","Troncal del Magdalena","Por Defnir","Castilla - Puente Saldaña","0","150","14193.19637441116","24"
"6403","64","Transversal Guane - San Gil - Mogotes - La Rosita","Por Defnir","Cruce Ruta 45A (San Gil) - Onzaga","0","11","76571.61820379323","22"
"6509","65","Troncal Villagarzon - Saravena","Por Defnir","Paso por el Puente sobre el Río Ocoa - Villavicencio","2775","3045","2638.5917733695082","16"
"5608","56","Conexión Troncal Central del Norte - Troncal Villagarzon - Saravena","Por Defnir","El Secreto - Aguaclara","0","48","14135.723827566784","7"
"9007","90","Transversal del Caribe","Por Defnir","Barranquilla - Santa Marta","1794","785","129502.60891962584","15"
"4518","45","Troncal del Magdalena","Por Defnir","Paso Nacional por Aracataca - Ye de Ciénaga","764","0","51198.37089955718","15"
"6503","65","Troncal Villagarzon - Saravena","Por Defnir","Florencia - Puerto Rico","0","763","95823.01622398301","6"
"4510","45","Troncal del Magdalena","Por Defnir","Viaducto Honda - Entrada Puente Puerto Salgar","0","170","171.7358986442099","28"
"65MTC","65","Alternas a la Transversal Buga - Puerto Inirida","Por Defnir","Paso Nacional por Puerto Santander","0","100","3057.6761124335653","16"
"6509","65","Troncal Villagarzon - Saravena","Por Defnir","Paso Antiguo por el Río Guayuriba","352","564","669.6747756596026","16"
"6507","65","Transversal Buga - Puerto Inirida","Por Defnir","San José del Guaviare - Cruce Puerto Rico","0","600","99689.64962628753","16"
"6508","65","Transversal Buga - Puerto Inirida","Por Defnir","Ye de Granada - Casco Urbano Granada","938","0","2428.082143385842","16"
"2902","29","Acceso a Manizales","Por Defnir","Chinchiná - Estación Uribe","600","0","16893.618284537173","5"
"5008A","50","Transversal Las Animas - Bogotá","Por Defnir","Paso Nacional por Madrid","920","950","5500.347405843694","12"
"29CL03-1","29","Conexion Troncal del Eje Cafetero - Transversal Las Animas - Bogotá","Por Defnir","Club Campestre - La Trinidad","0","189","6693.546640607962","5"
"6504","65","Troncal Villagarzon - Saravena","Por Defnir","Puerto Rico - Mina Blanca","0","92","80642.01125807477","6"
"6008","60","Transversal Puerto Boyaca - Monterrey","Por Defnir","Sáchica - Tunja","0","0","35149.873811604746","4"
"4518","45","Troncal del Magdalena","Por Defnir","Río Ariguaní - Paso Nacional por Aracataca","0","725","35733.94192438143","15"
"6604","66","Transversal Tribuga - Arauca","Por Defnir","La Lejía - Saravena","0","0","148618.94903790028","18"
"65A02","65","Troncal Villagarzon - Saravena","Por Defnir","La Uribe - Ye de Granada","0","821","110355.0171769104","16"
"45A04","45","Troncal Central","Por Defnir","Paso Nacional por Cajicá","700","100","4536.101529466207","12"
"65MTF","65","Alternas a la Troncal Villagarzon - Saravena","Por Defnir","Variante de Restrepo","0","780","1779.5143970823701","16"
"65MTD","65","Alternas a la Transversal Buga - Puerto Inirida","Por Defnir","Paso Nacional por Puerto Aljure","0","110","4139.716919347422","16"
"45TLB","45","Alternas a la Troncal del Magdalena","Por Defnir","Variante Espinal","0","120","4128.361780048177","24"
"6512","65","Troncal Villagarzon - Saravena","Por Defnir","Monterrey - Yopal","0","287","102225.989317481","7"
"5006","50","Transversal Las Animas - Bogotá","Por Defnir","Puente La Libertad - Fresno","0","1000","82285.93251519154","5"
"55ST02","55","Conexiones Troncal Central - Troncal Central del Norte","Malaga - Los Curos","Málaga - Los Curos","0","0","122403.64811735247","22"
"50CN03","50","Conexión Transversal Buenaventura - Puerto Carreño y Troncal Central del Norte","Cruce ruta 50 (El Salitre) Cruce ruta 55 (Briceño)","El Salitre - Sopó","0","505","10623.30225574115","28"
"45A04","45","Troncal Central","Paso Nacional Por Zipaquira","Paso Nacional por Zipaquirá","200","200","3914.8859952996827","12"
"4510","45","Troncal del Magdalena","Troncal Magdalena","Puerto Salgar - Río Ermitaño","0","470","187543.56321619017","28"
"4508","45","Troncal del Magdalena","Troncal Magdalena","Girardot - Cambao","0","306","88713.94272379368","28"
"45CSG","45","Troncal del Magdalena","Por Defnir","Variante al poblado de Morrison","0","138","2254.1976983081113","26"
"45CSE","45","Troncal del Magdalena","Troncal Magdalena","Variante al Poblado de Minas","0","812","3437.777196237345","26"
"45CS04","45","Acceso Troncal del  Magdalena","Por Defnir","Aguaclara – Circunvalar de Aguachica","0","920","1904.6668032457826","26"
"45CS04","45","Acceso Troncal del  Magdalena","Por Defnir","Aguaclara – Circunvalar de Aguachica","920","310","1397.5854652923351","26"
"70CS03","70","Acceso Troncal del  Magdalena","Por Defnir","Gamarra – Puerto Capulco","620","0","3326.309455471507","26"
"7006","70","Acceso Troncal del  Magdalena","Por Defnir","Aguachica – Gamarra","750","450","13015.785899079066","26"
"6006","60","Transversal Puerto Boyaca - Monterrey","Por Defnir","Cruce Ruta 45 (Dos y Medio) - Otanche","0","80","94571.56299348974","4"
"5505","55","Troncal Central del Norte","Por Defnir","Pamplona - Los Patios","500","500","62114.92100803652","18"
"3603","36","Alternas Buga - Puerto Inirida","Ortega - Guamo","Ortega - Guamo","0","253","35828.49215480683","24"
"45TL10","45","Alternas a la Troncal del Magdalena","Por Defnir","Cruce Ruta 45 (Los Arbolitos) - Cruce Ruta 40 (Terminal)","0","820","2819.253778137094","28"
"5008","50","Transversal Medellin - Bogotá","Por Defnir","Segmentos  Viales fuera de Servicio","826.8","99.7","2752.902625077675","28"
"4510","45","Troncal del Magdalena","Por Defnir","Segmentos  Viales fuera de Servicio","86","246.5","237.76315934954857","28"
"45CLB","45","Troncal del Magdalena","Por Defnir","Variante La Dorada - Puerto Salgar","0","790","14377.1270091076","28"
"25ANI","25","Alternas a la Troncal de Occidente","Por Defnir","Variante La Pintada","0","76","2076.6616722050207","28"
"3602","36","Alternas Buga - Puerto Inirida","Chaparral - Ortega","Chaparral - Ortega","0","514","43739.45733685323","24"
"3001","30","Transversal Neiva - San Vicente","Transversal Neiva - San Vicente","Neiva - Balsillas","0","0","53691.963117256164","14"
"25ANH","25","Troncal de Occidente","Por Defnir","Variante de Caucasia","0","658","5422.347983872301","28"
"80MGA","80","Transversal Carmen - Bosconia - Valledupar - Maicao - Puerto Bolivar","Por Defnir","Variante de Pueblo Nuevo","0","868.6","6073.343527729742","28"
"70NS06-1","70","Conexión Colombia - Venezuela","Por Defnir","Cucuta - Puente Binacional Tienditas","0","272","2605.5449810538157","18"
"45CSD","45","Troncal del Magdalena","Por Defnir","Variante al  Poblado El Libano","0","139","2137.6971866010367","26"
"43HL02-1","43","Alternas a la Troncal del Magdalena","Por Defnir","EL Juncal-Casa Blanca","0","962","9016.43772674044","28"
"4001","40","Transversal Buenaventura - Villavicencio - Puerto Carreño","Por Defnir","Segmentos  Viales fuera de Servicio","0","0","3395.939092961208","25"
"25CRA","25","Troncal de Occidente","Por Defnir","Variante de Planeta Rica","0","569.62","5601.995986022428","28"
"2504","25","Alternas a la Troncal de Occidente","Popayan - Santander de Quilichao - Cali","Jamundi - Cali","1180","776","19997.4709275406","25"
"23VL02-1","23","Circuito Cali - Palmira","Por Defnir","El Limón - Rozo","0","700","3792.8671701168796","25"
"23VL02-2","23","Circuito Cali - Palmira","Por Defnir","El Limón - La Acequia","0","200","6253.630058623672","28"
"3002","30","Transversal Neiva - San Vicente","Santo Domingo - Mina Blanca","Santo Domingo - Mina Blanca","500","0","53153.6407832235","6"
"62ANE","62","Troncal de Uraba","Por Defnir","Variante de Currulao","0","416","6528.580514424014","1"
"4006A","40","Conexión Transversal Buenaventura - Puerto Carreño y Troncal Central del Norte","Por Defnir","Bogotá - Choachí - Ubaque","0","400","31764.133190256398","12"
"40MTA","40","Alternas a la Transversal Buenaventura - Villavicencio - Puerto Carreño","Pipiral - Villavicencio","Pipiral - Villavicencio","0","583","14341.0709398124","16"
"45TLE","45","Troncal del Magdalena","Por Defnir","Variante de Natagaima","0","100","3066.833028837252","14"
"4007","40","Transversal Buenaventura - Villavicencio - Puerto Carreño","Por Defnir","Intersección Séptima Brigada - PR 0+0654","0","654","653.4907729061044","16"
"62ANF","62","Troncal de Uraba","Por Defnir","Variante de Apartadó","0","166","9333.866183722663","1"
"5002","50","Transversal Las Animas - Bogotá","Las Animas - Santa Cecilia","Mumbú - Santa Cecilia","0","608","23102.440959588315","21"
"6509","65","Troncal Villagarzon - Saravena","Por Defnir","Ye de Granada - Paso por el Puente sobre el Río Ocoa","0","925","69988.67193180181","16"
"6511","65","Troncal Villagarzon - Saravena","Por Defnir","Barranca de Upía - Monterrey","0","550","50685.02201172571","7"
"4507","45","Troncal del Magdalena","Castilla - Girardot","Paso Nacional  por El Guamo","60","1130","3902.93883493482","24"
"4506","45","Troncal del Magdalena","Neiva - Castilla","Paso Nacional por Natagaima","100","400","3477.5669812268584","14"
"4507","45","Troncal del Magdalena","Por Defnir","Puente Saldaña","150","270","119.95504200058467","24"
"4301","43","Alternas a la Troncal del Magdalena","Paicol - Tesalia - Teruel - Palermo","Cruce Tesalia - Teruel","0","500","50806.95714300232","14"
"4505","45","Troncal del Magdalena","Por Defnir","Garzón - Neiva","0","500","106951.0186609762","14"
"40CN01","40","Transversal Buenaventura - Villavicencio - Puerto Carreño","Por Defnir","El Portal - El Antojo","0","150","10983.227465689626","12"
"40CNA","40","Transversal Buenaventura - Villavicencio - Puerto Carreño","Por Defnir","Paso por Chipaque","0","772","779.9887274453929","12"
"5607","56","Conexión Troncal Central del Norte - Troncal Villagarzon - Saravena","Por Defnir","Brisas - Guateque","146","790","38163.628543985265","12"
"P.D.","PDef","Por Definir","Por Definir","Por Definir","0","0","1875.0401978190148","28"
"5009","50","Conexión Transversal Buenaventura - Puerto Carreño y Troncal Central del Norte","Por Defnir","Bogotá (Los Patios) - Guasca","0","0","34884.66904575959","12"
"62ANG","62","Troncal de Uraba","Por Defnir","Variante de El Reposo","0","457","6616.839966434683","1"
"5504","55","Troncal Central del Norte","La Palmera - Presidente","La Palmera - Presidente","0","210","100897.89102766411","22"
"4506","45","Troncal del Magdalena","Por Defnir","Natagaima - Castilla","400","652","20294.70666253463","14"
"5604","56","Circuito de las Provincias de Rionegro y Bajo Magdalena","Por Defnir","Yacopí - La Palma","0","500","19410.557780367784","12"
"5604","56","Circuito de las Provincias de Rionegro y Bajo Magdalena","Por Defnir","Yacopí - La Palma","500","500","2983.6865896046666","12"
"6404","64","Ruta de Los Libertadores","Por Defnir","Belén - Sácama","0","500","122961.93856623612","4"
"5009","50","Conexión Transversal Buenaventura - Puerto Carreño y Troncal Central del Norte","Por Defnir","Paso por Guasca","0","500","1272.788118998869","12"
"5008","50","Transversal Las Animas - Bogotá","Por Defnir","Honda - Villeta","850","0","58445.20466066566","12"
"4008","40","Transversal Buenaventura - Villavicencio - Puerto Carreño","Por Defnir","Puerto López - Puerto Gaitán","0","619","108552.81840074045","16"
"7008","70","Acceso a Cucuta y Venezuela","Por Defnir","Ocaña - Alto del Pozo","0","0","71077.5347957789","26"
"40CNB","40","Transversal Buenaventura - Villavicencio - Puerto Carreño","Por Defnir","Puente Real - Cáqueza - El Tablón","800","400","11774.003466924169","12"
"40TL05","40","Transversal Buenaventura - Villavicencio - Puerto Carreño","Por Defnir","Cruce Ruta 40 - La Tambora","0","224","3463.9767191816986","24"
"5007","50","Transversal Las Animas - Bogotá","Por Defnir","Puente Luis Ignacio Andrade en Honda (VARIANTE HONDA - PUERTO BOGOTÁ)","0","1150","2779.6513573504435","24"
"6509","65","Troncal Villagarzon - Saravena","Por Defnir","Entrada Ciudad Porfía - Caño Tigre","925","2775","4597.198497933364","16"
"65MTB","65","Alternas a la Transversal Buga - Puerto Inirida","Por Defnir","Paso Nacional por Puerto Limón","0","890","1873.8871443749551","16"
"4507","45","Troncal del Magdalena","Por Defnir","Paso Nacional por El Espinal","500","0","6622.584535064129","24"
"65MTA","65","Alternas a la Transversal Buga - Puerto Inirida","Por Defnir","Paso Nacional por Puerto Lleras","0","0","14446.941326971086","16"
"6508","65","Transversal Buga - Puerto Inirida","Por Defnir","Cruce Puerto Rico - Ye de Granada","0","938","103594.9091034645","16"
"4507","45","Troncal del Magdalena","Por Defnir","Castilla - Girardot","1130","500","11716.330731765665","24"
"4507","45","Troncal del Magdalena","Por Defnir","Castilla - Girardot","270","60","9751.589590392061","24"
"4507","45","Troncal del Magdalena","Por Defnir","Castilla - Puente Saldaña","0","150","14193.19637441116","24"
"6403","64","Transversal Guane - San Gil - Mogotes - La Rosita","Por Defnir","Cruce Ruta 45A (San Gil) - Onzaga","0","11","76571.61820379323","22"
"6509","65","Troncal Villagarzon - Saravena","Por Defnir","Paso por el Puente sobre el Río Ocoa - Villavicencio","2775","3045","2638.5917733695082","16"
"5608","56","Conexión Troncal Central del Norte - Troncal Villagarzon - Saravena","Por Defnir","El Secreto - Aguaclara","0","48","14135.723827566784","7"
"5607","56","Conexión Troncal Central del Norte - Troncal Villagarzon - Saravena","Por Defnir","Chocontá - Brisas","0","146","7148.499026351182","12"
"4506","45","Troncal del Magdalena","Por Defnir","Neiva - Natagaima","0","100","82685.19810408835","14"
"4518","45","Troncal del Magdalena","Por Defnir","Paso Nacional por Aracataca - Ye de Ciénaga","764","0","51198.37089955718","15"
"6503","65","Troncal Villagarzon - Saravena","Por Defnir","Florencia - Puerto Rico","0","763","95823.01622398301","6"
"4510","45","Troncal del Magdalena","Por Defnir","Viaducto Honda - Entrada Puente Puerto Salgar","0","170","171.7358986442099","28"
"65MTC","65","Alternas a la Transversal Buga - Puerto Inirida","Por Defnir","Paso Nacional por Puerto Santander","0","100","3057.6761124335653","16"
"6509","65","Troncal Villagarzon - Saravena","Por Defnir","Paso Antiguo por el Río Guayuriba","352","564","669.6747756596026","16"
"6507","65","Transversal Buga - Puerto Inirida","Por Defnir","San José del Guaviare - Cruce Puerto Rico","0","600","99689.64962628753","16"
"6508","65","Transversal Buga - Puerto Inirida","Por Defnir","Ye de Granada - Casco Urbano Granada","938","0","2428.082143385842","16"
"2902","29","Acceso a Manizales","Por Defnir","Chinchiná - Estación Uribe","600","0","16893.618284537173","5"
"5008A","50","Transversal Las Animas - Bogotá","Por Defnir","Paso Nacional por Madrid","920","950","5500.347405843694","12"
"29CL03-1","29","Conexion Troncal del Eje Cafetero - Transversal Las Animas - Bogotá","Por Defnir","Club Campestre - La Trinidad","0","189","6693.546640607962","5"
"6504","65","Troncal Villagarzon - Saravena","Por Defnir","Puerto Rico - Mina Blanca","0","92","80642.01125807477","6"
"3002","30","Transversal Neiva - San Vicente","Por Defnir","Balsillas - Santo  Domingo","0","500","58651.95298721768","14"
"6008","60","Transversal Puerto Boyaca - Monterrey","Por Defnir","Sáchica - Tunja","0","0","35149.873811604746","4"
"4518","45","Troncal del Magdalena","Por Defnir","Río Ariguaní - Paso Nacional por Aracataca","0","725","35733.94192438143","15"
"9007","90","Transversal del Caribe","Por Defnir","Barranquilla - Santa Marta","1794","785","129502.60891962584","15"
"6604","66","Transversal Tribuga - Arauca","Por Defnir","La Lejía - Saravena","0","0","148618.94903790028","18"
"65A02","65","Troncal Villagarzon - Saravena","Por Defnir","La Uribe - Ye de Granada","0","821","110355.0171769104","16"
"45A04","45","Troncal Central","Por Defnir","Paso Nacional por Cajicá","700","100","4536.101529466207","12"
"65MTF","65","Alternas a la Troncal Villagarzon - Saravena","Por Defnir","Variante de Restrepo","0","780","1779.5143970823701","16"
"65MTD","65","Alternas a la Transversal Buga - Puerto Inirida","Por Defnir","Paso Nacional por Puerto Aljure","0","110","4139.716919347422","16"
"45TLB","45","Alternas a la Troncal del Magdalena","Por Defnir","Variante Espinal","0","120","4128.361780048177","24"
"6512","65","Troncal Villagarzon - Saravena","Por Defnir","Monterrey - Yopal","0","287","102225.989317481","7"
"5006","50","Transversal Las Animas - Bogotá","Por Defnir","Puente La Libertad - Fresno","0","1000","82285.93251519154","5"
"26CC07","26","Alternas a la Transversal Huila - Cauca","Por Defnir","Inzá - Pedregal - Juntas","0","0","42607.177754377764","8"
"26CC04","26","Circuitos Ecoturisticos Huila - Cauca","Por Defnir","Tumbichucué - Calderas","0","0","7259.8319995532775","8"
"4503","45","Troncal del Magdalena","Por Defnir","Mocoa - San Juan de Villalobos","600","0","63605.8388888381","19"
"9004","90","Transversal del Caribe","Por Defnir","Coveñas  - San Onofre","0","937","16979.271549022087","23"
"7009","70","Acceso a Cucuta y Venezuela","Por Defnir","Sardinata - El Zulia","0","600","57470.9872051421","18"
"45TLA","45","Troncal del Magdalena","Por Defnir","Variante El Guamo","0","800","5802.855594753159","24"
"65AMTC","65","Alternas a la Troncal Villagarzon - Saravena","Por Defnir","Acceso a Granada","0","300","1342.4594899108426","16"
"4902","49","Troncal del Carbon","Por Defnir","Río Pereira - Buenavista","199","237","71397.41759476556","13"
"65AMTB","65","Alternas a la Troncal Villagarzon - Saravena","Por Defnir","Accesos al Puente Guillermo León Valencia","0","1012","2826.036172847667","16"
"6006","60","Transversal Puerto Boyaca - Monterrey","Por Defnir","Cruce Ruta 45 (Dos y Medio) - Otanche","0","80","94571.56299348974","4"
"5505","55","Troncal Central del Norte","Por Defnir","Pamplona - Los Patios","500","500","62114.92100803652","18"
"2402","24","Transversal Huila - Cauca","Por Defnir","Candelaria - Laberinto","0","368","100860.70676651351","14"
"4518","45","Troncal del Magdalena","Por Defnir","Ye de Ciénaga (Lado Manantial) - Intersección Ruta 90","0","289","2222.7447277479037","15"
"4007","40","Transversal Buenaventura - Villavicencio - Puerto Carreño","Por Defnir","Villavicencio - Paso por el Puente sobre el Río La Balsa -Puerto Lopez","654","222","77618.16861582534","16"
"4005","40","Transversal Buenaventura - Villavicencio - Puerto Carreño","Por Defnir","Puente Mariano Ospina Perez","0","211","210.91908024565157","12"
"45HL01","45","Alternas a la Troncal del Magdalena","Por Defnir","Hobo - Yaguará (Inspección de Letrán)","350","150","21787.177820504614","14"
"65AMTA","65","Alternas a la Troncal Villagarzon - Saravena","Por Defnir","Paso por Puerto Caldas","0","1100","3581.709536532752","16"
"26CC03-2","26","Circuitos Ecoturisticos Huila - Cauca","Por Defnir","Tierracruz - Naranjal","0","0","72065.08426489984","8"
"5001","50","Transversal Tribuga - Arauca","Por Defnir","Río Pató (El Afirmado) - La Ye (Las Animas)","0","0","47546.37225617167","10"
"4501","45","Troncal del Magdalena","Por Defnir","Puente Internacional San Miguel - Santana","0","0","103023.86493082189","19"
"2513","25","Troncal de Occidente","Por Defnir","Paso Nacional por Caucasia","0","780","2776.740857394522","11"
"2501","25","Troncal de Occidente","Por Defnir","Puente internacional de Rumichaca - San Juan de Pasto","40","0","85518.9108481964","17"
"2506","25","Troncal de Occidente","Por Defnir","Cartago - Cerritos","578","300","17792.20043308126","21"
"4502","45","Troncal del Magdalena","Por Defnir","Santana - Ye de Urcusique","0","300","60386.26062740932","19"
"5003","50","Transversal Las Animas - Bogotá","Por Defnir","Santa Cecilia - Asia","0","0","76715.06440618043","21"
"4005","40","Transversal Buenaventura - Villavicencio - Puerto Carreño","Por Defnir","Fusagasugá - Silvania - Bogotá (Bosa)","980","0","111760.72570087311","12"
"4511","45","Troncal del Magdalena","Por Defnir","Río Ermitaño - La Lizama","0","484","182615.26389621332","28"
"5008A","50","Transversal Las Animas - Bogotá","Por Defnir","Los Alpes - Madrid","0","920","35860.3163252131","12"
"45A06","45","Troncal Central","Por Defnir","Puente Nacional - San Gil","0","800","124723.82852210749","22"
"9010","90","Transversal del Caribe","Por Defnir","Riohacha - Paraguachón","0","0","87508.52008325345","13"
"4518","45","Troncal del Magdalena","Por Defnir","Paso Nacional por Aracataca","725","764","11082.879566674646","15"
"6007","60","Transversal Puerto Boyaca - Monterrey","Por Defnir","Otanche - Río Minero","0","0","31792.52348310747","4"
"90BLC","90","Alternas a la Transversal del Caribe","Por Defnir","Variante de Cartagena y accesos","0","130","17341.365549492602","3"
"6204","62","Troncal de Uraba","Por Defnir","Santafé de Antioquia - Puente Aurra","0","0","15998.769975572148","1"
"6203","62","Troncal de Uraba","Por Defnir","Cañasgordas - Santafé de Antioquia","635","17","53974.58050550358","1"
"6205","62","Transversal Tribuga - Arauca","Por Defnir","Barbosa - Cisneros","700","675","25240.86160258339","1"
"55BY11","55","Transversal San Gil - Mogotes - La Rosita","Por Defnir","Limites Departamento de Boyacá - Onzaga","953","0","23032.35656481111","22"
"55BY11","55","Transversal San Gil - Mogotes - La Rosita","Por Defnir","Santa Rosita - Límites Departamento de Boyacá","0","953","6908.518572458447","4"
"43CS02","43","Transversal Depresion Momposina","Por Defnir","Ye de Arjona - Cuatrovientos","0","860","31705.92855397488","9"
"4313","43","Transversal Depresion Momposina","Por Defnir","El Banco  - San José","0","0","20831.289101739236","15"
"25SC01","25","Acceso a Sincelejo","Por Defnir","Sincelejo - Toluviejo","0","335","35682.33408733248","23"
"25BL02","25","Acceso a Cartagena","Por Defnir","Carreto - Cruz del Viso","0","93","25210.006640645734","3"
"2516","25","Troncal de Occidente","Por Defnir","Calamar - Palmar de Varela","0","0","54315.52424532955","2"
"2515","25","Troncal de Occidente","Por Defnir","Puerta de Hierro - Carreto","0","250","171893.4960192561","3"
"5601","56","Circuito Medellin - Valle de Rionegro","Por Defnir","La Unión - Sonsón","0","0","54925.78118262319","1"
"55NS08","55","Conexiones Troncal Central - Troncal Central del Norte","Por Defnir","San Cayetano - Cornejo","0","0","8065.052074058883","18"
"5002","50","Transversal Las Animas - Bogotá","Por Defnir","Las Animas - Mumbú","0","0","48602.22858429797","10"
"9004","90","Transversal del Caribe","Por Defnir","Lorica - Coveñas","850","300","16999.6033690164","11"
"9003","90","Transversal del Caribe","Por Defnir","Moñitos - San Bernardo del Viento","0","0","27468.19746674222","11"
"9001","90","Transversal del Caribe","Por Defnir","Turbo - Necoclí","0","773","45737.296083552545","1"
"74CR02","74","Transversal del Caribe","Por Defnir","Santa Lucía - Moñitos","0","0","54927.29860912058","11"
"2702","27","Paralela del Rio Magdalena","Por Defnir","Salamina - Palermo","0","1505","61226.058869381646","2"
"55STA","55","Troncal Central del Norte","Por Defnir","Variante de Concepción","0","215","2174.1387964586215","22"
"2512","25","Troncal de Occidente","Por Defnir","Tarazá - Caucasia","0","276","60481.881639256215","1"
"50CN01","50","Circuito de las Provincias de Rionegro y Bajo Magdalena","Por Defnir","Caparrapí - La Aguada","0","490","16654.389524677023","12"
"5505","55","Troncal Central del Norte","Por Defnir","Presidente - Pamplona","0","500","67996.2696247065","18"
"49GJB","49","Troncal del Carbon","Por Defnir","Paso Nacional por San Juan del Cesar","0","0","3958.581192786542","13"
"50CN01","50","Circuito de las Provincias de Rionegro y Bajo Magdalena","Por Defnir","Dindal - Caparrapí","0","0","13876.928141928365","12"
"9004","90","Transversal del Caribe","Por Defnir","Coveñas  - San Onofre","683","820","11129.704360256388","23"
"62STA","62","Troncal Central","Por Defnir","Variante de Barbosa","0","0","1525.2840872450063","22"
"7009A","70","Conexiones Troncal Central - Troncal Central del Norte","Por Defnir","Cornejo - Zulia","0","0","4871.30931175031","18"
"9004","90","Transversal del Caribe","Por Defnir","Coveñas  - San Onofre (Incluye pasos Nacionales por Toluviejo y El Pueblito)","937","683","27633.610109335856","23"
"2513","25","Troncal de Occidente","Por Defnir","Paso Nacional por Planeta Rica","0","894","4862.417093960701","11"
"6209","62","Transversal del Carare","Por Defnir","Barbosa - Tunja","0","0","62828.47396878948","4"
"7806","78","Transversal Depresion Momposina","Por Defnir","Tamalameque - El Burro","0","0","16982.877155115373","9"
"7009","70","Acceso a Cucuta y Venezuela","Por Defnir","El Zulia - Cúcuta","600","0","8486.377753639232","18"
"2514","25","Troncal de Occidente","Por Defnir","Planeta Rica - La Ye","0","0","51824.820348506626","11"
"2511","25","Troncal de Occidente","Por Defnir","Los Llanos - Tarazá","0","705","124213.92832351032","1"
"2510","25","Troncal de Occidente","Por Defnir","Hoyo Rico - Los Llanos","474","1295","35617.618373578916","1"
"2509","25","Troncal de Occidente","Por Defnir","La Pintada - Primavera","0","0","53106.87585186265","1"
"2310","23","Acceso a Monteria","Por Defnir","Planeta Rica - Montería","0","0","49584.124518916906","11"
"6402","64","Transversal Guane - San Gil - Mogotes - La Rosita","Por Defnir","Cruce a Guane - San Gil","100","430","26995.887912028928","22"
"6208","62","Transversal del Carare","Por Defnir","Landázuri - Barbosa","0","324","68845.86144770366","22"
"66ST02","66","Transversal Tribuga - Arauca","Por Defnir","Te de Aeropuerto - Aeropuerto","0","40","3812.7806236657","22"
"25VLF","25","Alternas a la Troncal de Occidente","Por Defnir","Variante de Andalucía","0","241","4423.798109944238","25"
"62BY05","62","Accesos a Yopal","Por Defnir","Paso Nacional por Sogamoso","0","1300","3944.923085449345","4"
"6208","62","Transversal del Carare","Por Defnir","Landázuri - Barbosa","324","674","1686.5279594697902","22"
"6211","62","Accesos a Yopal","Por Defnir","Sogamoso - El Crucero","0","0","15966.384355544726","4"
"5005","50","Transversal Las Animas - Bogotá","Por Defnir","Estación Uribe - Puente La Libertad","880","880","17387.7400630882","5"
"6206","62","Transversal Tribuga - Arauca","Por Defnir","Cisneros - Puerto Berrío (Incluye el Puente sobre el Río Magdalena)","900","198","54068.18161124873","1"
"6206","62","Transversal Tribuga - Arauca","Por Defnir","Cisneros - Alto de Dolores","500","900","40082.08147023556","1"
"88GJ02","88","Transversal Carmen - Bosconia - Valledupar - Maicao - Puerto Bolivar","Por Defnir","Acceso a Albania","0","0","3640.243333228011","13"
"8004A","80","Transversal Carmen - Bosconia - Valledupar - Maicao - Puerto Bolivar","Por Defnir","Badillo - San Juan del Cesar","554","465","13185.483417332547","13"
"6211","62","Accesos a Yopal","Por Defnir","El Crucero - Aguazul","0","616","100985.69013813253","7"
"5503","55","Troncal Central del Norte","Por Defnir","Duitama - La Palmera","0","193","141014.312259582","4"
"2501B","25","Alternas a la Troncal de Occidente","Por Defnir","Cebadal - Santa Bárbara","0","0","59488.79421125869","17"
"45CS09","45","Transversal Depresion Momposina","Por Defnir","Cuatro Vientos - Codazzi","0","11","64684.44529791415","9"
"4517","45","Troncal del Magdalena","Por Defnir","Bosconia - Río Ariguaní","0","81","33978.76168898542","9"
"4516","45","Troncal del Magdalena","Por Defnir","San Roque - Bosconia","0","965","117609.51087197468","9"
"25SCA","25","Troncal de Occidente","Por Defnir","Variante Oriental de Sincelejo","0","510","13141.366264417347","23"
"56AN03","56","Circuito Medellin - Valle de Rionegro","Por Defnir","Rionegro - La Ceja","0","800","16593.39944202899","1"
"7007","70","Acceso a Cucuta y Venezuela","Por Defnir","Río de Oro - Ocaña","0","787","13396.07166694659","26"
"6005","60","Transversal Medellin - Bogotá","Por Defnir","Peaje Cocorna - Cruce Ruta 45 (Caño Alegre)","0","600","132217.22313816476","1"
"56AN02-1","56","Circuito Medellin - Valle de Rionegro","Por Defnir","Rionegro - El Carmen","0","500","8513.156023810192","1"
"56AN01","56","Circuito Medellin - Valle de Rionegro","Por Defnir","La Fe - El Retiro","0","800","3811.6260245523017","1"
"4515","45","Troncal del Magdalena","Por Defnir","La Mata - San Roque","0","787","127407.0039076467","28"
"70NSA","70","Acceso a Cucuta y Venezuela","Por Defnir","Variante Sardinata","0","0","5480.095914920991","18"
"6513","65","Troncal Villagarzon - Saravena","Por Defnir","Yopal - Paz de Ariporo","0","380","90200.91590537074","7"
"5507","55","Troncal Central del Norte","Por Defnir","Nueva Terminal de Cúcuta","0","900","2790.187447434282","18"
"5007","50","Transversal Las Animas - Bogotá","Por Defnir","Fresno - Mariquita","0","695","26031.41402476459","24"
"45MGB","45","Troncal del Magdalena","Por Defnir","Variante de Aracataca","0","62","7190.635242953976","15"
"45MG02","45","Troncal del Magdalena","Por Defnir","Variante de Ye de Ciénaga","0","60","2103.597080007102","15"
"45CNA","45","Troncal del Magdalena","Por Defnir","Variante al Poblado de Puerto Libre","0","375","2632.195444225441","24"
"1003","10","Transversal Tumaco - Leticia","Por Defnir","La Piscicultura - El Pepino","0","700","64512.52573325142",
"6602","66","Transversal Tribuga - Arauca","Por Defnir","Cruce Ruta 45 (La Fortuna) - Lebrija","0","0","57037.371371934925","22"
"64ST02","64","Transversal Guane - San Gil - Mogotes - La Rosita","Por Defnir","Ramal a Guane","0","385","3290.3276903274714","22"
"7010","70","Acceso a Cucuta y Venezuela","Cúcuta - Puente Internacional Simón Bolívar","Cúcuta - Puente Internacional Simón Bolívar","0","600","17437.949584253005","18"
"6515","65","Troncal Villagarzon - Saravena","Por Defnir","La Cabuya - Saravena","0","180","132105.23711681092","7"
"9009","90","Transversal del Caribe","Por Defnir","Río Palomino - Riohacha","0","0","89916.41554866255","13"
"9008","90","Transversal del Caribe","Por Defnir","Santa Marta - Río Palomino","0","368","72894.80485500312","15"
"9007","90","Transversal del Caribe","Por Defnir","Accesos y Puente Laureano Gómez","0","1794","2479.20955488727","2"
"9005","90","Transversal del Caribe","Por Defnir","San Onofre - María La Baja","0","0","38938.37364375236","23"
"9005","90","Transversal del Caribe","Por Defnir","María la Baja - Cruz del Viso","0","180","20288.041176685016","3"
"7805","78","Transversal Depresion Momposina","Por Defnir","Guamal - El Banco","0","320","37743.04359014118","15"
"7803","78","Transversal Depresion Momposina","Por Defnir","La Bodega - Mompós","0","0","37863.77056891555","3"
"6008","60","Transversal Puerto Boyaca - Monterrey","Por Defnir","Chiquinquirá - Sáchica","0","0","37464.255463554524","4"
"9007A-1","90","Alternas a la Transversal del Caribe","Por Defnir","Cruce Alcatraces - Mamatoco","0","0","18503.727972203462","15"
"6206","62","Transversal Tribuga - Arauca","Por Defnir","Puerto Olaya - Cruce Ruta 45 (Intersección)","49","200","1310.6807900636684","22"
"9007A","90","Alternas a la Transversal del Caribe","Por Defnir","Mamatoco - Terminal Marítimo","0","75","7084.903607713018","15"
"8003","80","Transversal Carmen - Bosconia - Valledupar - Maicao - Puerto Bolivar","Por Defnir","Pueblo Nuevo – Bosconia – Valledupar","0","120","138865.75500131212","9"
"8002","80","Transversal Carmen - Bosconia - Valledupar - Maicao - Puerto Bolivar","Por Defnir","Plato – Pueblo Nuevo","0","820","100895.78681854845","15"
"8001","80","Transversal Carmen - Bosconia - Valledupar - Maicao - Puerto Bolivar","Por Defnir","Carmen de Bolívar - Plato","0","1825","40860.05885806103","3"
"7801","78","Conexión Transversal del Caribe - Troncal de Occidente","Por Defnir","Lorica - Chinú","0","0","51237.80597945598","11"
"7404","74","Transversal Puerto rey - Tibú","Por Defnir","Guayepo - Achí","0","0","83559.79148332175","23"
"7403","74","Transversal Puerto rey - Tibú","Por Defnir","El Viajano - San Marcos","0","0","43260.77601243573","11"
"7403","74","Transversal Puerto rey - Tibú","Por Defnir","San Marcos - Guayepo","0","77","6610.801948084154","11"
"9007A","90","Alternas a la Transversal del Caribe","Por Defnir","Terminal Marítimo","75","350","247.2797531010496","15"
"45A08","45","Troncal Central","Por Defnir","Río Negro - San Alberto","0","654","75678.21681563588","22"
"45A08","45","Troncal Central","Por Defnir","La Cemento - Rionegro","0","0","17993.941518501604","22"
"70NS01","70","Acceso a Ocaña","Por Defnir","La Ondina - Convención","0","0","32829.173156236895","26"
"8801","88","Transversal Carmen - Bosconia - Valledupar - Maicao - Puerto Bolivar","Por Defnir","Cuestecitas - Paradero","615","300","13404.161537760552","13"
"6603","66","Transversal Tribuga - Arauca","Por Defnir","Bucaramanga - Cuestaboba","400","0","70062.43242867368","22"
"6603","66","Transversal Tribuga - Arauca","Por Defnir","Cuestaboba - Pamplona","0","909","54308.016743831155","18"
"6207","62","Transversal del Carare","Por Defnir","Cruce Puerto Araujo - Landázuri","0","1247","63428.81478582372","22"
"6007","60","Transversal Puerto Boyaca - Monterrey","Por Defnir","Río Minero - Chiquinquirá","0","150","57632.72379414154","4"
"6601","66","Transversal Tribuga - Arauca","Por Defnir","Barrancabermeja - Cruce Ruta 45 (La Lizama)","0","0","31963.558303929432","22"
"2701","27","Paralela del Rio Magdalena","Por Defnir","Plato -  Salamina","0","0","104411.11520338508","15"
"45AST08","45","Troncal Central","Por Defnir","Palenque - La Cemento","100","700","14959.32194664448","22"
"4901","49","Troncal del Carbon","Por Defnir","San Roque - La Paz","0","0","145732.24630494273","9"
"0801","08","Via Alterna al Puerto de Tumaco","Por Defnir","Guachucal - Ipiales","0","0","24703.209013658907","17"
"4502","45","Troncal del Magdalena","Por Defnir","Ye de Urcusique - Mocoa (Canangucho)","300","1000","17606.623639038826","19"
"4015","40","Transversal Buenaventura - Villavicencio - Puerto Carreño","Por Defnir","Juriepe - Puerto Carreño","0","760","96243.93637304808","16"
"40CNC","40","Transversal Buenaventura - Villavicencio - Puerto Carreño","Por Defnir","Variante de Fusagasugá","0","796","12735.062648772147","12"
"45BY01","45","Transversal Puerto Boyaca - Monterrey","Por Defnir","Ramal a Puerto Boyacá","0","0","3334.893214285619","4"
"5608","56","Conexión Troncal Central del Norte - Troncal Villagarzon - Saravena","Por Defnir","Guateque - El Secreto","0","0","78438.43877465466","4"
"8004","80","Troncal del Carbon","Por Defnir","Valledupar - La Paz","0","386","14512.364225937188","9"
"8801","88","Transversal Carmen - Bosconia - Valledupar - Maicao - Puerto Bolivar","Por Defnir","Buenavista - Cuestecitas","0","615","54356.445388351414","13"
"9006","90","Alternas a la Transversal del Caribe","Por Defnir","Puente de la Cordialidad","103","664","2787.652338894502","2"
"45ABYB","45","Troncal Central","Por Defnir","Variante de Chiquinquirá","0","900","6606.257306050199","4"
"2003","20","Acceso a Florencia","Por Defnir","Altamira - Gabinete","0","0","36121.18084236029","14"
"2002","20","Popayan - Paletara - San Jose de Isnos - Pitalito - San Agustin","Por Defnir","Popayán - Río Mazamorras","0","370","67722.5514801617","8"
"1901","19","Acceso a Cali","Por Defnir","Cali - Cruce Ruta 40 (Loboguerrero)","900","850","51419.57868364217","25"
"1702","17","Acceso a Samaniego","Por Defnir","Túquerres - Samaniego","0","0","43321.13632902746","17"
"50CN03","50","Conexión Transversal Buenaventura - Puerto Carreño y Troncal Central del Norte","Cruce ruta 50 (El Salitre) Cruce ruta 55 (Briceño)","Sopó - Cruce Ruta 55 (Briceño)","505","500","4132.847167866219","12"
"7506","75","Acceso a Mitú","Por Defnir","Calamar - San José del Guaviare","0","600","133.305305002189","16"
"7506","75","Acceso a Mitú","Por Defnir","Calamar - San José del Guaviare","0","600","74716.56010913652","16"
"4902","49","Troncal del Carbon","Por Defnir","La Paz - Río Pereira","0","199","6461.063419686986","9"
"2601","26","Alternas a la Troncal de Occidente","Por Defnir","Morales - Piendamó","0","0","17015.7558944172","8"
"25CC02","25","Alternas a la Troncal de Occidente","Por Defnir","Timbío - El Tablón","0","124","18862.26600407471","8"
"2501A","25","Alternas a la Troncal de Occidente","Por Defnir","Pasto - Higuerones","0","0","98630.09090549358","17"
"2501A","25","Alternas a la Troncal de Occidente","Por Defnir","Higuerones - Mojarras","0","0","33789.41214432801","8"
"24HL02","24","Circuitos Ecoturisticos Huila - Cauca","Por Defnir","Acceso a Itaibe (Cruce Ruta 24 - Itaibe)","0","0","5119.655623700685","14"
"24HL01","24","Circuitos Ecoturisticos Huila - Cauca","Por Defnir","Puerto Nolasco - Nátaga","0","0","11568.443362976015","14"
"2003A","20","Acceso a Florencia","Por Defnir","Orrapihuasi - Depresión El Vergel","0","742","41647.98199113629","14"
"40TLE","40","Transversal Buenaventura - Villavicencio - Puerto Carreño","Por Defnir","Variante Melgar","0","338","8169.387731450802","12"
"6510","65","Troncal Villagarzon - Saravena","Por Defnir","Villavicencio - Barranca de Upía","0","600","106832.39686129654","16"
"65MTE","65","Alternas a la Troncal Villagarzon - Saravena","Por Defnir","Puente Guatiquía - Los Caballos","0","0","3814.651267771315","16"
"4003","40","Transversal Buenaventura - Villavicencio - Puerto Carreño","Por Defnir","Cajamarca - Puente Cajamarca - Ibagué","365","194","33022.37906520698","24"
"45A04","45","Troncal Central","Por Defnir","Bogotá - Cajicá","0","700","37178.85269920655","12"
"25CC04","25","Conexión Costa Pacifica - Troncal de Occidente","Por Defnir","Popayán - El Rosarío","0","0","28975.15612268721","8"
"6605","66","Transversal Corredor Fronterizo del Oriente Colombiano","Por Defnir","Tame - Corocoro","0","970","130450.94131357204","7"
"4009","40","Transversal Buenaventura - Villavicencio - Puerto Carreño","Por Defnir","Cruce a Rubiales - Puente Arimena","0","1000","67481.06664563323","16"
"45ACNB","45","Alternas a la Troncal Central","Por Defnir","Variante Portachuelo","600","160","1460.2338983145125","12"
"5601","56","Circuito Medellin - Valle de Rionegro","Por Defnir","Glorieta Las Palmas - La Unión","500","0","38363.69709213749","1"
"5601","56","Circuito Medellin - Valle de Rionegro","Por Defnir","Medellín - Glorieta Las Palmas","0","500","10145.949770509538","1"
"26CC03","26","Circuitos Ecoturisticos Huila - Cauca","Por Defnir","Jambaló - Toribío","0","700","28966.91842917428","8"
"8004A","80","Transversal Carmen - Bosconia - Valledupar - Maicao - Puerto Bolivar","Por Defnir","Valledupar - San Juan del Cesar","0","554","38521.95266502318","9"
"6205","62","Transversal Tribuga - Arauca","Por Defnir","Hatillo - Barbosa","0","0","9018.166070842473","1"
"4313","43","Transversal Depresion Momposina","Por Defnir","San José - Ye de Arjona","0","754","52980.18290563103","9"
"45A07","45","Troncal Central","Por Defnir","San Gil - Bucaramanga","881","180","26188.622164219243","22"
"4004B","40","Transversal Buenaventura - Villavicencio - Puerto Carreño","Por Defnir","Variante Chicoral","0","800","51452.14345686986","24"
"4005","40","Transversal Buenaventura - Villavicencio - Puerto Carreño","Por Defnir","Girardot - Fusagasugá","211","980","111391.58073790517","12"
"5007","50","Transversal Las Animas - Bogotá","Por Defnir","Mariquita - Honda (Puente Luis Ignacio Andrade)","695","0","18946.511519007174","24"
"5008B","50","Transversal Medellin - Bogotá","Por Defnir","El Korán - Guaduas","0","162","116219.82310781763","12"
"6009","60","Transversal Puerto Boyaca - Monterrey","Por Defnir","Tunja - Páez","0","0","116637.67895825487","4"
"90A01","90","Transversal del Caribe","Por Defnir","Accesos, Orejas y Puente Olaya Herrera","100","652","3494.3285490670787","2"
"4803","48","Alternas a la Troncal de Occidente","Por Defnir","Cruce Ruta 23 (Ansermanuevo) - Cartago","350","0","8400.136786507443","25"
"1203","12","Transversal Rosas Condagua","Por Defnir","La Lupa - Santiago","0","60","111293.01708610907","8"
"6502","65","Troncal Villagarzon - Saravena","Por Defnir","San José del Fragua - Florencia","0","66","58474.665840865","6"
"2302","23","Alternas a la Troncal de Occidente","Por Defnir","Mediacanoa - Ansermanuevo","0","200","124483.75684650746","25"
"45A07","45","Troncal Central","Por Defnir","San Gil - Bucaramanga","0","881","82949.59819081564","22"
"6206","62","Transversal Tribuga - Arauca","Por Defnir","Paso Nacional por Puerto Berrío (Incluye el Puente sobre el Río Magdalena)","1136","140","353.2261395452579","22"
"4006","40","Transversal Buenaventura - Villavicencio - Puerto Carreño","Por Defnir","Bogotá (El Portal) - Villavicencio","0","55","93718.44749555367","12"
"40CN07","40","Alternas a la Transversal Buenaventura - Villavicencio - Puerto Carreño","Por Defnir","Chusacá - Canoas - Río Bogotá","0","550","14594.993207122448","12"
"90AT01","90","Conexion Alternas a la Transversal del Caribe - Troncal de Occidente","Por Defnir","Sabana - Palmar de Varela","0","934","39293.24135998343","2"
"25ATA","25","Troncal de Occidente","Por Defnir","Variante Palmar de Varela - Sabanagrande","0","700","21582.507398480942","2"
"4503","45","Troncal del Magdalena","Por Defnir","San Juan de Villalobos - Pitalito","0","680","64588.901224941954","14"
"40QN04","40","Transversal Buenaventura - Villavicencio - Puerto Carreño","Por Defnir","La Española - Armenia","300","0","1689.8925518348858","20"
"24HL03","24","Alternas a la Troncal del Magdalena","Por Defnir","Cruce Ruta 24 - Tesalia","0","100","3310.7516644152943","14"
"2901B","29","Acceso a Armenia","Por Defnir","Armenia - Montenegro - Alcalá","0","325","23455.906462359086","20"
"1701","17","Via Alterna al Puerto de Tumaco","Por Defnir","Guachucal - El Espino","900","200","11386.577457298921","17"
"4002","40","Transversal Buenaventura - Villavicencio - Puerto Carreño","Por Defnir","La Paila - Club Campestre","0","760","42254.60397494172","20"
"37CCA","37","Circuitos Ecoturisticos Huila - Cauca","Por Defnir","Rionegro - Tacueyó","0","0","7383.159326184027","8"
"29RSB","29","Troncal del Eje Cafetero","Por Defnir","Variante de Galicia","0","710","1836.379481409213","21"
"40QN01","40","Transversal Buenaventura - Villavicencio - Puerto Carreño","Por Defnir","Club Campestre - El Caimo","0","617","9019.742170143367","20"
"5507","55","Troncal Central del Norte","Por Defnir","Nueva Terminal de Cúcuta - Puente Internacional Pedro de Hevia","900","758","50793.11471948696","18"
"6606","66","Transversal Corredor Fronterizo del Oriente Colombiano","Por Defnir","Corocoro - Arauca","0","280","45262.32135320327","7"
"8801","88","Transversal Carmen - Bosconia - Valledupar - Maicao - Puerto Bolivar","Por Defnir","Paradero - Maicao","300","0","35587.95838055665","13"
"6405","64","Ruta de Los Libertadores","Por Defnir","Sácama - Cruce Ruta 45 (La Cabuya)","0","80","31491.55150291012","7"
"55NS09","55","Conexión Colombia - Venezuela","Por Defnir","Cúcuta (Redoma El Salado) - La China","0","660","28850.284737764858","18"
"6512","65","Troncal Villagarzon - Saravena","Por Defnir","Paso Nacional por Yopal","287","448","2301.6784228742486","7"
"6514","65","Troncal Villagarzon - Saravena","Por Defnir","Paz de Ariporo - La Cabuya","0","133","72772.65797336366","7"
"8501","85","Acceso a Leticia","Por Defnir","Leticia - Tarapacá","386","0","20078.76409188892","6"
"4010","40","Transversal Buenaventura - Villavicencio - Puerto Carreño","Por Defnir","Puente Arimena - La Arepa","0","0","21031.548753169765","16"
"4010","40","Transversal Buenaventura - Villavicencio - Puerto Carreño","Por Defnir","Puente Arimena - La Arepa","0","820","19690.192446023746","16"
"40MT01","40","Transversal Buenaventura - Villavicencio - Puerto Carreño","Por Defnir","Ramal Cruce Ruta 40 (Cruce Ruta a La Arepa) - El Porvenir","0","968","7237.254359591583","16"
"74SCA","74","Transversal Puerto rey - Tibú","Por Defnir","Variante al Poblado de Majagual","0","24","3003.698410277748","23"
"45AST08","45","Troncal Central","Por Defnir","Floridablanca - Palenque","0","100","20593.457404122033","22"
"45A05","45","Troncal Central","Por Defnir","Ubaté - Puente Nacional","0","340","94477.62779102061","4"
"4504","45","Troncal del Magdalena","Por Defnir","Paso Nacional por Pitalito","0","180","2216.7543733553816","14"
"45HLC","45","Troncal del Magdalena","Por Defnir","Variante de Pitalito","0","0","10162.014111752043","14"
"1002","10","Transversal Tumaco - Leticia","Por Defnir","Tuquerres - Pedregal","0","600","32466.550545349528","17"
"6501","65","Troncal Villagarzon - Saravena","Por Defnir","Villagarzón - Puerto Bello","750","600","52078.94665660948","19"
"2501B","25","Alternas a la Troncal de Occidente","Por Defnir","Santa Bárbara - Pasto","0","0","30972.54337429975","17"
"4505","45","Troncal del Magdalena","Por Defnir","Paso Nacional por Garzón","0","0","2142.02196904966","14"
"3702","37","Circuitos Ecoturisticos Huila - Cauca","Por Defnir","Guadualejo - Irlanda","0","0","44136.46546153312","8"
"4002","40","Troncal del Eje Cafetero","Por Defnir","Club Campestre - Armenia","760","250","8602.171407766164","20"
"2602","26","Transversal Huila - Cauca","Por Defnir","Popayán (Crucero) - Guadualejo","0","10","111211.54368085168","8"
"25VLE","25","Alternas a la Troncal de Occidente","Por Defnir","Variante de Tuluá","0","735","6081.676377990995","25"
"2505","25","Troncal de Occidente","Por Defnir","Buga - Andalucía","0","575","73405.41759110306","25"
"29RSC","29","Troncal del Eje Cafetero","Por Defnir","Intersección Jazmín - Estación de  Servicio Chinchiná","150","706","11498.548031241822","21"
"2501B","25","Alternas a la Troncal de Occidente","Por Defnir","Cebadal - Santa Bárbara (Paso Antiguo por Puente Alfonso López Pumarejo)","468","503","1037.8246418795018","17"
"2002","20","Popayan - Paletara - San Jose de Isnos - Pitalito - San Agustin","Por Defnir","Sombrerillos - La Portada","700","70","21040.665582300553","14"
"25CCD","25","Troncal de Occidente","Por Defnir","Variante Puerto Tejada","0","0","6071.32574473254","8"
"4504","45","Troncal del Magdalena","Por Defnir","Pitalito - Garzón","180","165","68019.74470806526","14"
"25NR04","25","Alternas a la Troncal de Occidente","Por Defnir","Acceso Aeropuerto de Pasto","0","662","680.5742947269963","17"
"2602A","26","Alternas a la Troncal de Occidente","Por Defnir","Piendamó - Totoró","0","0","42405.748897897545","8"
"20CQ01","20","Acceso a Florencia","Por Defnir","Ramal Cruce Tramos 2003 (El Caraño) - 2003A (Las Doradas)","0","27","987.7111054609601","6"
"25CC15-1","25","Transversal Rosas Condagua","Por Defnir","Santiago - Santa Rosa","667","0","46892.223131901126","8"
"50RS01","50","Conexión Troncal de Occidente - Transversal Las Animas - Bogotá","Por Defnir","Apía - La Virginia","0","290","30083.556345145666","21"
"2302","23","Alternas a la Troncal de Occidente","Por Defnir","Ansermanuevo - La Virginia","200","120","18882.951909657266","21"
"29VLA","29","Acceso a Armenia","Por Defnir","Variante de Alcalá y Accesos","0","200","1187.7288518952853","20"
"26CC04","26","Circuitos Ecoturisticos Huila - Cauca","Por Defnir","Cruce Tramo 2602 - San Andrés de Pisimbalá","0","0","3950.439985065623","8"
"2503","25","Troncal de Occidente","Por Defnir","Mojarras - Popayán","0","0","121085.17640323016","8"
"3105","31","Alternas a la Troncal de Occidente","Por Defnir","Santander de Quilichao - Río Desbaratado","0","0","49536.53557065441","8"
"4803","48","Alternas a la Troncal de Occidente","Por Defnir","Ansermanuevo - Cruce Ruta 23","0","250","1968.6238634110625","25"
"1003","10","Transversal Tumaco - Leticia","Por Defnir","Pasto - La Piscicultura","0","0","28475.409100661724","17"
"2401","24","Circuitos Ecoturisticos Huila - Cauca","Por Defnir","Patico - Candelaria","0","0","73746.54080617776","8"
"4503","45","Troncal del Magdalena","Por Defnir","Paso Nacional por Mocoa","0","600","2750.0638911926007","19"
"25NRD","25","Troncal de Occidente","Por Defnir","Variante Oriental de Pasto","0","440","1753.6502553462701","17"
"4504","45","Troncal del Magdalena","Por Defnir","Paso Nacional por Garzón","165","697","2556.919645142002","14"
"3701","37","Transversal Huila - Cauca","Por Defnir","La Plata - Puerto Valencia","350","0","21329.07062357843","14"
"3701","37","Transversal Huila - Cauca","Por Defnir","Puerto Valencia - Guadualejo","0","750","10453.136736271674","8"
"65PTA","65","Alternas a la Troncal Villagarzon - Saravena","Por Defnir","Variante El Jardín","0","190","3901.5215009030803","19"
"2501","25","Troncal de Occidente","Por Defnir","Puente Internacional Rumichaca","0","40","79.58696033316383","17"
"25NR01","25","Acceso a Ipiales","Por Defnir","Ipiales - Las Lajas","0","870","5994.12085168872","17"
"25RSA","25","Troncal de Occidente","Por Defnir","Paso Nacional por La Virginia","0","455","5008.098781810443","21"
"2902","29","Troncal del Eje Cafetero","Por Defnir","Río Campo Alegre - Chinchiná","500","600","9201.332866972698","5"
"25VLC","25","Alternas a la Troncal de Occidente","Por Defnir","Variante Ginebra","0","400","1908.3443298454044","25"
"29RS01","29","Acceso a Pereira","Por Defnir","Pereira - Cerritos","883","0","19053.45894645429","21"
"25VLD","25","Alternas a la Troncal de Occidente","Por Defnir","Variante Sonso","0","150","1089.4642851585759","25"
"25VLH","25","Troncal de Occidente","Por Defnir","Variante de Zarzal","0","320","10381.093094539528","25"
"4503","45","Troncal del Magdalena","Por Defnir","Paso Nacional por Pitalito","680","630","4097.101404906611","14"
"2502","25","Troncal de Occidente","Por Defnir","San Juan de Pasto - Cano","0","0","33634.77625532307","17"
"2502","25","Troncal de Occidente","Por Defnir","Cano - Mojarras","0","599","88977.35123267537","17"
"2003","20","Acceso a Florencia","Por Defnir","Gabinete - El Caraño","0","747","34464.22944801644","6"
"2003A","20","Acceso a Florencia","Por Defnir","Depresión El Vergel - Florencia","742","537","41368.33247287271","6"
"2505","25","Troncal de Occidente","Por Defnir","Paso Nacional por Palmira","0","0","10788.482420116592","25"
"25VLB","25","Troncal de Occidente","Por Defnir","Variante de Palmira","0","0","31008.05846009116","25"
"2001","20","Conexión Costa Pacifica - Troncal de Occidente","Por Defnir","Munchique - Popayán (Paso Antiguo Puente Zarzal)","0","50","56378.574028918825","8"
"2902","29","Troncal del Eje Cafetero","Por Defnir","Puente Mosquera - Cruce Avenida del Ferrocarril","0","800","10354.643032144952","21"
"29RSC","29","Troncal del Eje Cafetero","Por Defnir","Intersección El Pollo - Intersección El Mandarino (3)","0","100","13755.231374866864","21"
"2301","23","Alternas a la Troncal de Occidente","Por Defnir","Cali - Yumbo","0","0","22308.201809903156","25"
"25CCB","25","Troncal de Occidente","Por Defnir","Variante de Popayán","0","0","16358.20515913697","8"
"25CC15","25","Transversal Rosas Condagua","Por Defnir","Rosas - La Sierra - La Vega - San Sebastián - Santiago","0","667","118464.7171939135","8"
"6501","65","Troncal Villagarzon - Saravena","Por Defnir","Puerto Bello - San José del Fragua","600","510","55082.342794257675","6"
"1307","13","Transversal Tribuga - Arauca","Por Defnir","Certeguí - Quibdó","0","0","43075.6719538958","10"
"9004","90","Transversal del Caribe","Por Defnir","Paso Nacional por Coveñas","300","0","6349.275233095963","11"
"4510","45","Troncal del Magdalena","Por Defnir","Puente Puerto Salgar","353","0","684.6003671169449","24"
"50CL02","50","Troncal del Eje Cafetero","Por Defnir","Tres Puertas - La Estrella","0","117","15981.049691333","5"
"1307","13","Transversal Tribuga - Arauca","Por Defnir","Las Animas - Certeguí","0","0","11330.84517434806","10"
"2002","20","Popayan - Paletara - San Jose de Isnos - Pitalito - San Agustin","Por Defnir","Río Mazamorras - Sombrerillos","370","700","57700.00874682695","14"
"2504A","25","Troncal de Occidente","Por Defnir","Límites Cauca - Palmira","0","976","38004.31213532267","25"
"6002","60","Transversal Tribuga - Arauca","Por Defnir","Quibdó - La Mansa","0","984","106711.50886772209","10"
"90SC02","90","Alternas a la Transversal del Caribe","Por Defnir","Coveñas - Sabaneta","0","0","15721.560057154515","23"
"25B02","25","Alternas a la Troncal de Occidente","Por Defnir","Bolombolo - Santafé de Antioquia","0","10","72483.50798682736","1"
"4002A","40","Transversal Buenaventura - Villavicencio - Puerto Carreño","Por Defnir","La Española - Calarcá","200","0","11347.550341673337","20"
"25NRC","25","Troncal de Occidente","Por Defnir","Variante de Ipiales","0","230","6521.679250373959","17"
"40QN04","40","Transversal Buenaventura - Villavicencio - Puerto Carreño","Por Defnir","La Española - El Caimo","0","300","2271.0949772547146","20"
"25B01","25","Alternas a la Troncal de Occidente","Por Defnir","La Pintada - Peñalisa","0","138","41877.62709467087","1"
"20HL01","20","Popayan - Paletara - San Jose de Isnos - Pitalito - San Agustin","Por Defnir","Sombrerillos - San Agustín - Parque Arqueológico","0","500","9970.151948860956","14"
"2509","25","Troncal de Occidente","Por Defnir","Ancón Sur - Medellín","0","84","15789.954073906936","1"
"2509","25","Troncal de Occidente","Por Defnir","Primavera  - Ancón Sur","0","0","20293.808954538214","1"
"45HLB","45","Troncal del Magdalena","Por Defnir","Variante de Garzón","0","300","5249.043197054191","14"
"2103","21","Alternas a la Transversal del Caribe","Por Defnir","Paso Nacional por Loríca","222","1360","2178.2866665711026","11"
"5001","50","Transversal Tribuga - Arauca","Por Defnir","Río Pató (El Afirmado)","0","0","22445.601223971364","10"
"9004","90","Transversal del Caribe","Por Defnir","Paso Nacional por Loríca","0","850","5762.021721380515","11"
"25VL07","25","Acceso a Armenia","Por Defnir","Cartago - Alcalá","0","100","20149.602003540705","20"
"29RSE","29","Troncal del Eje Cafetero","Por Defnir","Puente Helicoidal Dos Quebradas  - Santa Rosa","0","0","5822.389752712248","21"
"1001","10","Transversal Tumaco - Leticia","Por Defnir","Tumaco - Junín","0","0","119332.45030243034","17"
"2507","25","Troncal de Occidente","Por Defnir","La Virginia - Remolinos","545","180","26560.072221672563","21"
"2507","25","Troncal de Occidente","Por Defnir","Remolinos - Cauyá","180","541","18171.86295229618","21"
"2103","21","Alternas a la Transversal del Caribe","Por Defnir","Cereté - Lorica","764","222","36749.81085773655","11"
"2901","29","Troncal del Eje Cafetero","Por Defnir","Armenia-Pereira","300","700","28259.14890238107","21"
"29RSD","29","Troncal del Eje Cafetero","Por Defnir","Variante Condina","0","200","13044.998559119862","21"
"2103","21","Alternas a la Transversal del Caribe","Por Defnir","Paso Nacional por Cereté","942","764","4276.8014665488545","11"
"56AN02","56","Circuito Medellin - Valle de Rionegro","Por Defnir","Don Diego - Rionegro - Marinilla","0","300","16360.585434563769","1"
"90A01","90","Transversal del Caribe","Por Defnir","Cartagena - Lomita Arena","0","82","58676.68035793224","3"
"2506","25","Troncal de Occidente","Por Defnir","La Victoria - Cartago","550","578","76892.10529424441","25"
"2901","29","Troncal del Eje Cafetero","Por Defnir","Armenia-Pereira","0","300","37579.386496370236","20"
"29CL03","29","Troncal del Eje Cafetero","Por Defnir","Chinchiná - La Manuela","0","710","12719.827297085523","5"
"2902","29","Troncal del Eje Cafetero","Por Defnir","La Romelia - Río Campo Alegre","800","500","20812.54885602803","21"
"29RS02","29","Troncal del Eje Cafetero","Por Defnir","Variante de Santa Rosa de Cabal","0","570","7318.903459424073","21"
"6602","66","Transversal Tribuga - Arauca","Por Defnir","Lebrija - Palenque","0","690","25759.490826289908","22"
"2507","25","Troncal de Occidente","Por Defnir","Cerritos - La Virginia","300","545","10226.317192343515","21"
"2507","25","Troncal de Occidente","Por Defnir","Cerritos","0","300","940.2008732762849","21"
"25VLG","25","Alternas a la Troncal de Occidente","Por Defnir","Variante de Bugalagrande","0","800","3767.4947146967093","25"
"4001","40","Transversal Buenaventura - Villavicencio - Puerto Carreño","Por Defnir","Buenaventura - Intersección Citronela","0","0","25184.95631784246","25"
"45CSJ","45","Troncal del Magdalena","Por Defnir","Variante al poblado de Besotes","0","140","2234.8617395161928","26"
"21CRA","21","Acceso a Monteria","Por Defnir","Variante Oriental de Montería (1)","0","780","13476.633124293541","11"
"37CCB","37","Circuitos Ecoturisticos Huila - Cauca","Por Defnir","Variante Pajarito","0","0","1040.8928109804347","8"
"6202","62","Troncal de Uraba","Por Defnir","El Tigre - Dabeiba","0","862","101377.72264687112","1"
"6202","62","Troncal de Uraba","Por Defnir","Chigorodó - El Tigre","0","0","11274.182864456237","1"
"2508","25","Troncal de Occidente","Por Defnir","Cauyá - La Felisa","0","1000","61081.66683079514","5"
"5501","55","Troncal Central del Norte","Por Defnir","Tocancipá - Chocontá","964","0","66485.17894187612","12"
"45HL06","45","Alternas a la Troncal del Magdalena","Por Defnir","El Pozo- El Juncal","0","633","4901.281334845948","14"
"43HL02","43","Alternas a la Troncal del Magdalena","Por Defnir","Casa Blanca-Neiva","560","54","8967.37873616225","14"
"0501","05","Conexión Transversal Tumaco - Leticia y Ecuador","Por Defnir","La Espriella  - Río Mataje","0","400","18844.425351801718","17"
"50RS01","50","Conexión Troncal de Occidente - Transversal Las Animas - Bogotá","Por Defnir","Apía - La Virginia","630","443","2764.3948915673536","21"
"50RS01","50","Conexión Troncal de Occidente - Transversal Las Animas - Bogotá","Por Defnir","Apía - La Virginia  (sector intersección glorieta Variante La Virginia)","290","630","337.94913727193006","21"
"9003","90","Transversal del Caribe","Por Defnir","San Bernardo del Viento - Lorica","0","0","20780.538855628947","11"
"40QN05","40","Conexión Troncal del eje Cafetero - Transversal Buenaventura - Puerto Carreño","Por Defnir","Calarcá - La Cabaña","0","200","8449.614704141946","20"
"3701","37","Transversal Huila - Cauca","Por Defnir","Puerto Valencia - Guadualejo","0","750","276.4622034436626","8"
"0301","03","Circunvalares de San Andres y Providencia","Por Defnir","Circunvalación de la Isla de Providencia","0","500","17661.9483475724","27"
"2103","21","Alternas a la Transversal del Caribe","Por Defnir","Montería - Cereté","0","942","15750.759786328694","11"
"56AN02","56","Circuito Medellin - Valle de Rionegro","Por Defnir","Don Diego - Rionegro - Marinilla","0","300","65.19471091275652","1"
"56AN02","56","Circuito Medellin - Valle de Rionegro","Por Defnir","Don Diego - Rionegro - Marinilla","0","300","398.36959842007957","1"
"56AN02","56","Circuito Medellin - Valle de Rionegro","Por Defnir","Don Diego - Rionegro - Marinilla","0","300","29.65620604348141","1"
"56AN02","56","Circuito Medellin - Valle de Rionegro","Por Defnir","Don Diego - Rionegro - Marinilla","0","300","17.506841474327388","1"
"56AN02","56","Circuito Medellin - Valle de Rionegro","Por Defnir","Don Diego - Rionegro - Marinilla","0","300","413.25678572104874","1"
"25NRE","25","Troncal de Occidente","Por Defnir","Par vial alto de daza","0","888.88","5891.44259868315","17"
"5005","50","Troncal del Eje Cafetero","Por Defnir","Tres Puertas -La Manuela","0","150","7277.225250864965","5"
"2903","29","Troncal del Eje Cafetero","Por Defnir","La Estrella - La Felisa","300","348","26158.965991823254","5"
"29RSA","29","Troncal del Eje Cafetero","Por Defnir","Solución Vial Pereira - Dosquebradas","0","0","4121.757829820103","21"
"55CN03","55","Conexión Troncal Central del Norte - Troncal Villagarzon - Saravena","Por Defnir","Cruce Ruta 55 (Desviación del Sisga) - Cruce Ruta 56","0","194","6811.213484775155","12"
"45A04","45","Troncal Central","Por Defnir","Zipaquirá - Ubaté","200","1134","47764.96010255171","12"
"45A04","45","Troncal Central","Paso Nacional por Zipaquira","Cajicá - Zipaquirá","100","200","18691.075812250307","12"
"45ACNA","45","Troncal Central","Por Defnir","Variante Cajicá","0","625","12292.391373061972","12"
"50RS01","50","Conexión Troncal de Occidente - Transversal Las Animas - Bogotá","Por Defnir","Apía - La Virginia  (sector intersección glorieta Variante La Virginia)","290","630","532.5943835301912","21"
"5008","50","Transversal Medellin - Bogotá","Por Defnir","Villeta - Bogotá","0","0","167668.30911832876","12"
"4001","40","Transversal Buenaventura - Villavicencio - Puerto Carreño","Por Defnir","Intersección Citronela - Córdoba","0","800","6072.341127049182","25"
"0101","01","Circunvalares de San Andres y Providencia","Por Defnir","Circunvalación de la Isla de San Andrés","0","0","28062.333846846337","27"
"50CNG","50","Transversal Las Animas - Bogotá","Por Defnir","Variante de Madrid","0","500","13449.427021178284","12"
"55CNC","55","Troncal Central del Norte","Por Defnir","Variante de Tocancipá","0","0","10209.327354379791","12"
"55CND","55","Troncal Central del Norte","Por Defnir","Variante Briceño","0","106","4812.501738942773","12"
"5008A","50","Transversal Las Animas - Bogotá","Por Defnir","Madrid - Bogotá (Rio Bogotá)","950","72","19464.179468681286","12"
"55BYA","55","Troncal Central del Norte","Por Defnir","Variante de Tunja","0","300","35548.119134669934","4"
"4510","45","Troncal del Magdalena","Por Defnir","Puente Puerto Salgar - Caño Alegre","13","309","292.78462370565666","28"
"5501","55","Troncal Central del Norte","Por Defnir","Paso Nacional Por Tocancipá","1118","964","4350.726745634324","12"
"5501","55","Troncal Central del Norte","Por Defnir","Bogotá - Tocancipá","0","1118","38368.0263351024","12"
"56AN02","56","Circuito Medellin - Valle de Rionegro","Por Defnir","Don Diego - Rionegro - Marinilla","0","300","5774.697444387089","1"
"2515","25","Troncal de Occidente","Por Defnir","Sincelejo - Puerta de Hierro","0","0","33937.59106676697","23"
"45TLG","45","Transversal Buenaventura - Villavicencio - Puerto Carreño","Por Defnir","Variante de Girardot (Intersección San Rafael - El Paso)","0","474","19676.388650178556","12"
"4305","43","Alternas a la Troncal del Magdalena","Por Defnir","Ibagué - Mariquita","0","193","105584.39488844255","24"
"40TLD","40","Transversal Buenaventura - Villavicencio - Puerto Carreño","Por Defnir","Variante Gualanday","0","300","7291.376290181342","24"
"40TLG","40","Alternas a la Troncal del Magdalena","Por Defnir","Variante Norte de Ibague","0","0","14564.850196864732","24"
"90A01","90","Transversal del Caribe","Por Defnir","Lomita Arena - Barranquilla (Puente Cienega del Totumo)","82","138","55.98635362966449","2"
"45CSH","45","Troncal del Magdalena","Por Defnir","Variante al poblado del Juncal","0","238","2364.4797831383544","26"
"45CSF","45","Troncal del Magdalena","Troncal Magdalena","Variante al Poblado de San Martin","0","92","6901.44752557025","26"
"40TLC","40","Transversal Buenaventura - Villavicencio - Puerto Carreño","Por Defnir","Variante de Ibague","0","850","32039.163235161774","24"
"40TLF","40","Alternas a la Transversal Buenaventura - Villavicencio - Puerto Carreño","Por Defnir","Variante Picaleña","0","0","33203.91593885069","24"
"5501","55","Troncal Central del Norte","Por Defnir","Chocontá - Tunja","96","0","17688.58664068245","4"
"7402","74","Transversal Puerto rey - Tibú","Por Defnir","Cereté - Cruce Ruta 25 (La Ye)","0","0","55985.26442298774","11"
"2514","25","Troncal de Occidente","Por Defnir","La Ye - Sincelejo","0","595","88545.65879681006","11"
"62AND","62","Troncal de Uraba","Por Defnir","Variante Carepa","0","703","3766.815342245692","1"
"6203","62","Troncal de Uraba","Por Defnir","Rubicón - Santafé de Antioquia","200","17","512.389167719685","1"
"9006","90","Alternas a la Transversal del Caribe","Por Defnir","Pensales - Barranquilla","0","103","91879.68794234667","2"
"9005","90","Transversal del Caribe","Por Defnir","Cruz del Viso - Cartagena","180","500","67951.18444746544","3"
"90BLB","90","Alternas a la Transversal del Caribe","Por Defnir","Variante de Gambote","0","1383","62339.86739365847","3"
"2506","25","Troncal de Occidente","Por Defnir","Andalucía - La Paila -La Victoria","0","550","82828.28593548854","25"
"25ATA","25","Troncal de Occidente","Por Defnir","Variante Palmar de Varela - Sabanagrande","0","700","125.07226269832753","2"
"2504","25","Alternas a la Troncal de Occidente","Popayan - Santander de Quilichao - Cali","Puente Valencia sobre el río Cauca-Crucero Jamundí","20","1180","9238.135147309857","25"
"7806","78","Transversal Depresion Momposina","Por Defnir","El Banco – Tamalameque","0","0","28518.46212004583","9"
"2508","25","Troncal de Occidente","Por Defnir","La Pintada","866","1450","593.5058684063661","5"
"62BY05","62","Accesos a Yopal","Por Defnir","La Ye - Tibasosa - Sogamoso","0","0","4378.211051882766","4"
"2602","26","Transversal Huila - Cauca","Por Defnir","Popayán (Crucero) - Guadualejo","0","10","482.6640793142436","8"
"2602","26","Transversal Huila - Cauca","Por Defnir","Popayán (Crucero) - Guadualejo","0","10","682.3973962600086","8"
"2510","25","Troncal de Occidente","Por Defnir","Medellìn - Hoyo Rico","0","474","79828.21108617577","1"
"5502","55","Troncal Central del Norte","Por Defnir","Tunja - Duitama","0","730","94181.51400696227","4"
"5005","50","Transversal Las Animas - Bogotá","Por Defnir","La Manuela - Estación Uribe","150","570","28187.86319338921","5"
"2508","25","Troncal de Occidente","Por Defnir","La Felisa - La Pintada","1000","866","47923.634969186656","5"
"23VLB","23","Alternas a la Troncal de Occidente","Por Defnir","Variante al Poblado de Yotoco","0","729","2514.5310820632544","28"
"45CSI","45","Troncal del Magdalena","Por Defnir","Variante  al poblado de Aguachica","0","672","9628.11588406346","9"
"7804","78","Transversal Depresion Momposina","Por Defnir","Mompós - Guamal","0","332","35265.81544752191","3"
"80MG01","80","Acceso Transversal Carmen - Bosconia","Por Defnir","Santana - La Gloria","0","650","67885.34103449859","15"
"78BL02","78","Transversal Depresion Momposina","Por Defnir","Talaigua Nuevo Bolívar – Santa Ana Magdalena","0","150","4146.47258459195","3"
"2505","25","Troncal de Occidente","Por Defnir","Palmira - Buga","0","0","80165.73255878806","28"
"8004A","80","Transversal Carmen - Bosconia - Valledupar - Maicao - Puerto Bolivar","Por Defnir","Badillo - San Juan del Cesar","554","465","50.75610554501691","13"
"8004A","80","Transversal Carmen - Bosconia - Valledupar - Maicao - Puerto Bolivar","Por Defnir","Badillo - San Juan del Cesar","554","465","51656.67997681071","13"
"6004","60","Transversal Medellin - Bogotá","Por Defnir","Medellín - Santuario","0","700","104279.6843162628","28"
"6003","60","Transversal Tribuga - Arauca","Por Defnir","La Mansa - Primavera","0","700","7446.451951266233","28"
"4509","40","Troncal del Magdalena","Troncal Magdalena","Cambao - Cruce Ruta 50","0","423","39429.298759013516","28"
"2505","25","Alternas a la Troncal de Occidente","Por Defnir","Cali - Palmira","0","0","47251.46357402864","28"
"2504A","25","Troncal de Occidente","Por Defnir","Ye de Villa Rica - Límites Cauca","0","0","22747.84419742388","8"
"25CCC","25","Troncal de Occidente","Por Defnir","Ye de Villa Rica - Límites Cauca","0","806","3343.0434618172108","8"
"55CN01","55","Conexión Troncal Central del Norte con Troncal Central","Por Defnir","Briceño - Zipaquirá","0","200","10004.718722095913","0"
"4001","40","Transversal Buenaventura - Villavicencio - Puerto Carreño","Por Defnir","Segmentos  Viales fuera de Servicio","0","0","376.63879646359857","28"
"7007","70","Acceso a Cucuta y Venezuela","Por Defnir","Aguaclara - Río de Oro","0","0","43638.40450938348","26"
"25NRB","25","Alternas a la Troncal de Occidente","Por Defnir","Variante de Daza","0","600","3656.880719050283","17"
"25NRD","25","Troncal de Occidente","Por Defnir","Variante Oriental de Pasto","440","170","23959.75959665477","17"
"7802","78","Transversal Depresion Momposina","Por Defnir","Puerta de Hierro - Magangué - Yatí","0","100","81258.01113174926","3"
"45ACNC",,"Troncal Central","Por Defnir","Variante de Ubaté","0","0","5995.820494513482","4"
"2301","23","Alternas a la Troncal de Occidente","Por Defnir","Yumbo - Mediacanoa","0","522","46960.44040407885","28"
"9006","90","Alternas a la Transversal del Caribe","Por Defnir","Cartagena- Pendales","0","0","55918.49974022361","28"
"2513",,"Troncal de Occidente","Por Defnir","Caucasia - Planeta Rica","780","0","59955.463003325225","28"
"6205",,"Transversal Tribuga - Arauca","Por Defnir","Paso Nacional por Barbosa","0","700","599.7915837774742","1"
"5008","50","Transversal Medellin - Bogotá","Por Defnir","Río Seco - Villeta","0","798","6002.495138517999","28"
"90A01","90","Transversal del Caribe","Por Defnir","Lomita Arena - Barranquilla (Puente Arroyo de Juan de Acosta)","971","1031","59.981292975141635","2"
"4510",,"Troncal del Magdalena","Troncal Magdalena","Viaducto Honda - Entrada Puente Puerto Salgar","170","400","36433.378978165405","28"
"2512","25","Troncal de Occidente","Por Defnir","Tarazá - Caucasia","276","619","570.851043327352","1"
"2512","25","Troncal de Occidente","Por Defnir","Tarazá - Caucasia","619","966","4327.855662588755","1"
"1002","10","Transversal Tumaco - Leticia","Por Defnir","Junín - Tuquerres","0","0","94767.70448921231","17"
"4001","40","Transversal Buenaventura - Villavicencio - Puerto Carreño","Por Defnir","Cruce Ruta 40 (Loboguerrero) - Buga","408","412","44831.39263064785","28"
"9002","90","Transversal del Caribe","Por Defnir","Necoclí – Puerto Rey","0","858","4799.775720070715","1"
"6205",,"Transversal Tribuga - Arauca","Por Defnir","Paso Nacional por Cisneros","0","1158","2319.7741867044647","1"
"2504","25","Alternas a la Troncal de Occidente","Popayan - Santander de Quilichao - Cali","Ye de Villa Rica - Jamundí","0","20","7007.952122311015","8"
"4001","40","Transversal Buenaventura - Villavicencio - Puerto Carreño","Por Defnir","Segmentos  Viales fuera de Servicio","0","0","677.7381894712099","25"
"4001","40","Transversal Buenaventura - Villavicencio - Puerto Carreño","Por Defnir","Segmentos  Viales fuera de Servicio","0","0","228.22427699297373","25"
"4001","40","Transversal Buenaventura - Villavicencio - Puerto Carreño","Por Defnir","Segmentos  Viales fuera de Servicio","0","0","348.85927116462517","25"
"4001","40","Transversal Buenaventura - Villavicencio - Puerto Carreño","Por Defnir","Segmentos  Viales fuera de Servicio","0","0","141.25752697963205","25"
"4001","40","Transversal Buenaventura - Villavicencio - Puerto Carreño","Por Defnir","Segmentos  Viales fuera de Servicio","0","0","219.51491210934628","25"
"4001","40","Transversal Buenaventura - Villavicencio - Puerto Carreño","Por Defnir","Córdoba - Cruce Ruta 40 (Loboguerrero)","800","408","5590.039761665487","25"
"6003",,"Transversal Tribuga - Arauca","Por Defnir","La Mansa - Primavera","615","740","158.8995388148016","1"
"4001","40","Transversal Buenaventura - Villavicencio - Puerto Carreño","Por Defnir","Córdoba - Cruce Ruta 40 (Loboguerrero)","800","408","5594.3189753644565","25"
"90A01","90","Transversal del Caribe","Por Defnir","Lomita Arena - Barranquilla (Puente Arroyo Cascabel)","218","258","39.98831784118497","2"
"45ACND","45","Alternas a la Troncal Central","Por Defnir","Variante Portachuelo - Casablanca","0","250","103.45610658986465","0"
"45ACND","45","Alternas a la Troncal Central","Por Defnir","Variante Portachuelo - Casablanca","250","0","6954.782685741535","12"
"4001","40","Transversal Buenaventura - Villavicencio - Puerto Carreño","Por Defnir","Córdoba - Cruce Ruta 40 (Loboguerrero)","800","408","89.3203080555985","25"
"4001","40","Transversal Buenaventura - Villavicencio - Puerto Carreño","Por Defnir","Córdoba - Cruce Ruta 40 (Loboguerrero)","800","408","60.11756091314866","25"
"4001","40","Transversal Buenaventura - Villavicencio - Puerto Carreño","Por Defnir","Córdoba - Cruce Ruta 40 (Loboguerrero)","800","408","77.79665567713579","25"
"4001","40","Transversal Buenaventura - Villavicencio - Puerto Carreño","Por Defnir","Córdoba - Cruce Ruta 40 (Loboguerrero)","800","408","94.09577604687247","25"
"4001","40","Transversal Buenaventura - Villavicencio - Puerto Carreño","Por Defnir","Córdoba - Cruce Ruta 40 (Loboguerrero)","800","408","54393.22154993071","28"
"2302",,"Alternas a la Troncal de Occidente","Por Defnir","Ansermanuevo - La Virginia","120","725","6133.816110574814","28"
"90A01","90","Transversal del Caribe","Por Defnir","Lomita Arena - Barranquilla (Puente Puerto Caiman)","730","742","11.996116834938883","2"
"90A01","90","Transversal del Caribe","Por Defnir","Lomita Arena - Barranquilla (Puente Playa Mendoza)","480","494","13.995533294378443","2"
"7401","74","Transversal Puerto rey - Tibú","Por Defnir","Puerto Rey - Monteria","0","464","64212.854085186984","28"
"90ANB","90","Alterna Transversal del Caribe","Por Defnir","Variante de Mellitos","0","790","7650.307475808886","1"
"6003",,"Transversal Tribuga - Arauca","Por Defnir","Peñalisa - Primavera","600","450","11870.327036318913","1"
"2504",,"Troncal de Occidente","Por Defnir","Popayán - Santander de Quilichao","0","0","79889.9951427968","8"
"3702",,"Circuitos Ecoturisticos Huila - Cauca","Por Defnir","Puente Río Negro - El Palo","255","200","77528.92275460654","8"
"6206",,"Transversal Tribuga - Arauca","Por Defnir","Paso Nacional por Puerto Berrío (Incluye el Puente sobre el Río Magdalena)","198","1136","3199.7700892571993","1"
"90A01","90","Transversal del Caribe","Por Defnir","Lomita Arena - Barranquilla (Puente Cajacopi)","513","534","20.984446832908674","2"
"6003",,"Transversal Tribuga - Arauca","Por Defnir","La Mansa - Primavera","24","280","534.2477425334289","1"
"4004B",,"Transversal Buenaventura - Villavicencio - Puerto Carreño","Por Defnir","Variante Chicoral","0","800","51456.080688354356","28"
"4507",,"Troncal del Magdalena","Por Defnir","El Espinal - Girardot","0","0","19361.35890807644","28"
"90A01",,"Transversal del Caribe","Por Defnir","Lomita Arena - Barranquilla","82","100","85208.84452895066","28"
"5008B1",,"Circuito de las Provincias de Rionegro y Bajo Magdalena","Por Defnir","El Curapo  - Cruce Quebrada Negra","0","0","1870.5863288626813","12"
"90A01","90","Transversal del Caribe","Por Defnir","Lomita Arena - Barranquilla (Puente Turipana)","917","928","10.996458602456386","2"
"6003",,"Transversal Tribuga - Arauca","Por Defnir","Sector Rectificado","197","383","185.72279692588168","1"
"5008B1",,"Circuito de las Provincias de Rionegro y Bajo Magdalena","Por Defnir","Cruce Quebrada Negra - Salida Tunel de la Abuela","0","0","2418.8518827531575","12"
"7008",,"Acceso a Cucuta y Venezuela","Por Defnir","Alto El Pozo - Sardinata","0","0","58421.06195908037","18"
"4003A","40","Tramo alterno","Por Defnir","Calarcá - Cajamarca","0","92","31807.225714458902","20"
"6204","62","Troncal de Urabá","Por Defnir","Puente Aurra - Medellín","0","0","54912.44345480516","1"
"55ST02","55","Málaga - Los Curos","Malaga - Los Curos","55ST02","0","0","1242.8864826303966","22"
"21CR04","21","Alternas a la Transversal del Caribe","Por Defnir","Santa Lucia - San Pelayo","0","733.7","28742.102355387146","28"
"74CRA","74","Transversal Puerto rey - Tibú","Por Defnir","Variante Cereté","0","480","6724.704179333214","28"
"9002","90","Transversal del Caribe","Por Defnir","Arboletes – Puerto Rey","0","858","4813.3617052011905","11"
"6005","60","Transversal Medellin - Bogotá","Por Defnir","Santuario - Peaje Cocorna","0","0","3183.134159986387","28"
"2515",,"Troncal de Occidente","Por Defnir","Carreto - Calamar","250","695","30927.739345761744","28"
"2513","25","Troncal de Occidente","Por Defnir","Caucasia - Planeta Rica - Antiguo Puente San Jorge","876","546","951.5002827604357","11"
"40TLD","40","Transversal Buenaventura - Villavicencio - Puerto Carreño","Por Defnir","Variante Gualanday (Calzada Derecha)","0","874","4872.235193706127","28"
"40TLD",,"Transversal Buenaventura - Villavicencio - Puerto Carreño","Por Defnir","Variante Gualanday (Calzada Izquierda)","0","300","7481.778463604186","28"
"9002","90","Transversal del Caribe","Por Defnir","Necoclí – Puerto Rey","0","49","78534.2465708378","1"
"25AT04","25",,"Por Defnir","Cruce Ruta 25 (Villa Maria) - Cruce Ruta 90A (Cienaga de Rincón)","0","150.02","68826.37130398404","28"
"2504",,"Troncal de Occidente","Popayan - Santander de Quilichao - Cali","Santander de Quilichao - Ye de Villa Rica","0","0","28205.65368382766","8"
"7007",,"Acceso a Cucuta y Venezuela","Por Defnir","Segmentos  Viales fuera de Servicio","10","160","147.53039278707027","26"
"6003",,"Transversal Tribuga - Arauca","Por Defnir","La Mansa - Primavera","700","31","1396.3683410020258","1"
"4004",,"Transversal Buenaventura - Villavicencio - Puerto Carreño","Por Defnir","Ibague (Puente Blanco) - Cruce Ruta 45 (Espinal)","0","842","51454.82638224426","28"
"45100",,"Troncal del Magdalena","Por Defnir","Segmentos  Viales Fuera de Servicio","830.6","406.4","543.2073781046206","28"
"7008",,"Acceso a Cucuta y Venezuela","Por Defnir","Segmentos  Viales fuera de Servicio","0","0","338.7271027333315","18"
"4510",,"Troncal del Magdalena","Por Defnir","Puente Puerto Salgar - Caño Alegre","13","432","611.4885683617306","28"
"6003",,"Transversal Tribuga - Arauca","Por Defnir","Sector Rectificado","441","782","341.38383051562175","1"
"6003",,"Transversal Tribuga - Arauca","Por Defnir","Sector Rectificado","131","342","210.9506899620735","1"
"6003",,"Transversal Tribuga - Arauca","Por Defnir","La Mansa - Primavera","100","0","1937.1481471591146","1"
"40TL06","40","Troncal del Magdalena","Por Defnir","Cruce Ruta 40 (Variante Chicoral) - Cruce Ruta 45 (Girardot)","847","118","8162.873803008505","28"
"90ANA","90","Transversal del Caribe","Por Defnir","VARIANTE ARBOLETES","0","884","4561.916689367741","1"
"90A01","90","Transversal del Caribe","Por Defnir","Lomita Arena - Barranquilla (Puente Peaje)","618","629","10.996431482962155","2"
"6201",,"Troncal de Uraba","Por Defnir","Turbo - Chigorodó","0","815","71940.94448269758","28"
"40VLA",,"Transversal Buenaventura - Villavicencio - Puerto Carreño","Por Defnir","Intersección Sena - Intersección Citronela","0","0","12403.798567278249","25"
"6003",,"Transversal Tribuga - Arauca","Por Defnir","La Mansa - Peñalisa","0","200","43876.22528733797","1"
"9004","90","Transversal del Caribe","Por Defnir","Coveñas  - San Onofre (incluye Paso por Coveñas)","0","0","5002.174624295266","0"
"Por Defini","PDef","Por Definir","Por Definir","Por Defini","0","0","16699.976700067753","28"
"6202","62","Troncal de Uraba","Por Defnir","El Tigre - Dabeiba","0","862","46155.48753269777","1"
"62ANH","62","Transversal Tribuga","Por Defnir","Variante de Puerto Berrio","0","14","14964.078847266532","28"
"4001","40","Transversal Buenaventura - Villavicencio - Puerto Carreño","Por Defnir","Cruce Ruta 40 (Loboguerrero) - Buga","408","412","21282.7665295428","28"
"4001","40","Transversal Buenaventura - Villavicencio - Puerto Carreño","Por Defnir","Cruce Ruta 40 (Loboguerrero) - Buga","408","412","3439.1345564224494","0"
"4001","40","Transversal Buenaventura - Villavicencio - Puerto Carreño","Por Defnir","Córdoba - Cruce Ruta 40 (Loboguerrero)","800","408","1288.5171306603675","28"
"4001","40","Transversal Buenaventura - Villavicencio - Puerto Carreño","Por Defnir","Cruce Ruta 40 (Loboguerrero) - Buga","408","412","18738.50738847995","28"
"4001","40","Transversal Buenaventura - Villavicencio - Puerto Carreño","Por Defnir","Córdoba - Cruce Ruta 40 (Loboguerrero)","800","408","14235.257572608785","28"
"6203","62","Troncal de Uraba","Por Defnir","Dabeiba -Cañasgordas","0","635","58881.6176908583","28"
"4003","40","Transversal Buenaventura - Villavicencio - Puerto Carreño","Por Defnir","Armenia - La Línea","0","365","49842.04310999752","20"
"UF1","PDef","Bucaramanga - Barrancabermeja - Yondó","UF 1  Yondo - Rancho Camacho","Por Definir","0","0","78233.48876713666","28"
"5505","55","Troncal Central del Norte","Por Defnir","Los Patios - Cúcuta","500","0","8867.874723991566",
"55NSA","55","Alternas a la Troncal Central del Norte","Por Defnir","Glorieta K8 - Redoma el Salado","0","160","37373.70468211588","18"
"4008","40","Transversal Buenaventura - Villavicencio - Puerto Carreño","Por Defnir","Puerto López - Puerto Gaitán","619","970","2303.0624621451634","16"
"23VL02","23","Circuito Cali - Palmira","Por Defnir","Paso de La Torre - Siberia (Variante Yumbo)","0","800","10889.074179867026","0"
"6003",,"Transversal Tribuga - Arauca","Por Defnir","Peñalisa - Primavera","936","400","3361.7240027804287","1"
"6003",,"Transversal Tribuga - Arauca","Por Defnir","Peñalisa - Primavera","200","100","21543.917906151964",
"6003",,"Transversal Tribuga - Arauca","Por Defnir","Peñalisa - Primavera","400","600","178.81645208922646",
"5505","55","Troncal Central del Norte","Por Defnir","Los Patios - Cúcuta","500","0","5382.318449661166",
"1003","10","Transversal Tumaco - Leticia","Por Defnir","La Piscicultura - El Pepino","0","700","37317.12323563145",
"6205","62","Transversal Tribuga - Arauca","Por Defnir","Barbosa - Cisneros","675","748","1080.4489692776401","28"
"6205","62","Transversal Tribuga - Arauca","Por Defnir","Barbosa - Cisneros","748","0","17035.584487644668","1"
"40VL17",,,,,"0","200","13495.888808732523",
"2516","25","Troncal de Occidente","Por Defnir","Palmar de Varela - Barranquilla","600","753","12707.973282904977","2"
"6003",,"Transversal Tribuga - Arauca","Por Defnir","Peñalisa - Primavera","450","100","6588.752909711202",
