origen,destino,sector,distancia_carretera_km,geodesica_km,razon,extremo_a_origen_km,extremo_a_destino_km,origen_a_geometria_km,destino_a_geometria_km,camino_geometria_km,registro_sobre_camino,anomalia
Bogotá,Tocancipá,Bogotá - Tocancipá,38.37,41.19,0.9316,18.90,3.16,18.90,3.14,22.44,1.710,carretera menor que geodésica; extremo lejos del nodo; nodo lejos de la geometría; registro mayor que el camino de la geometría
Tocancipá,Chocontá,Tocancipá - Chocontá,66.49,32.31,2.0578,0.92,1.26,0.92,1.26,32.50,2.046,registro mayor que el camino de la geometría
Chocontá,Tunja,Chocontá - Tunja,17.69,56.96,0.3106,43.70,4.87,43.70,4.87,11.85,1.492,carretera menor que geodésica; extremo lejos del nodo; nodo lejos de la geometría
Tunja,Duitama,Tunja - Duitama,94.18,47.78,1.9710,4.17,1.79,4.17,1.79,47.98,1.963,registro mayor que el camino de la geometría
Barbosa,Tunja,Barbosa - Tunja,62.83,52.31,1.2011,0.79,4.24,0.79,4.14,62.88,0.999,
Chiquinquirá,Sáchica,Chiquinquirá - Sáchica,37.46,30.74,1.2185,1.69,4.55,1.69,4.55,37.54,0.998,
Sáchica,Tunja,Sáchica - Tunja,35.15,21.28,1.6520,4.55,1.68,0.32,1.68,70.45,0.499,
Bogotá,Cajicá,Bogotá - Cajicá,37.18,31.51,1.1798,19.02,2.31,19.02,2.31,11.23,3.311,extremo lejos del nodo; nodo lejos de la geometría; registro mayor que el camino de la geometría
Cajicá,Zipaquirá,Cajicá - Zipaquirá,18.69,12.15,1.5388,2.14,1.53,2.14,1.53,9.11,2.052,registro mayor que el camino de la geometría
Zipaquirá,Ubaté,Zipaquirá - Ubaté,47.76,37.16,1.2853,1.26,0.55,1.26,0.22,40.16,1.189,
Ubaté,Puente Nacional,Ubaté - Puente Nacional,94.48,65.26,1.4477,0.55,0.84,0.55,0.73,89.96,1.050,
Bogotá,Mosquera,Puente Mosquera - Cruce Avenida del Ferrocarril,10.35,14.16,0.7307,175.63,159.93,173.25,159.93,5.68,1.823,carretera menor que geodésica; extremo lejos del nodo; nodo lejos de la geometría; registro mayor que el camino de la geometría
Madrid,Bogotá,Madrid - Bogotá (Rio Bogotá),19.46,19.91,0.9776,3.70,8.96,3.70,8.95,8.47,2.297,carretera menor que geodésica; extremo lejos del nodo; nodo lejos de la geometría; registro mayor que el camino de la geometría
Bogotá,Guasca,Bogotá (Los Patios) - Guasca,34.88,35.12,0.9931,11.17,0.34,10.79,0.34,68.57,0.509,carretera menor que geodésica; extremo lejos del nodo; nodo lejos de la geometría
Bogotá,Villavicencio,Bogotá (El Portal) - Villavicencio,93.72,79.15,1.1841,19.06,2.28,19.06,2.15,85.43,1.097,extremo lejos del nodo; nodo lejos de la geometría
Villavicencio,Ye de Granada,Ye de Granada - Paso por el Puente sobre el Río Ocoa + Paso por el Puente sobre el Río Ocoa - Villavicencio,72.63,62.48,1.1625,2.08,0.00,2.04,0.00,inf,,geometría sin camino entre extremos
Ye de Granada,Granada,Ye de Granada - Casco Urbano Granada,2.43,3.04,0.7984,0.00,0.86,0.00,0.86,4.88,0.498,carretera menor que geodésica
Villavicencio,Puerto López,Villavicencio - Paso por el Puente sobre el Río La Balsa -Puerto Lopez,77.62,73.88,1.0507,3.09,1.33,3.09,1.33,77.67,0.999,
Puerto López,Puerto Gaitán,Puerto López - Puerto Gaitán,108.55,99.54,1.0906,1.33,1.40,0.26,0.14,219.58,0.494,
Bogotá,Villeta,Villeta - Bogotá,167.67,57.00,2.9417,8.50,7.26,8.50,0.49,72.14,2.324,extremo lejos del nodo; nodo lejos de la geometría; registro mayor que el camino de la geometría
Villeta,Honda,Honda - Villeta,58.45,38.76,1.5079,1.40,7.56,1.40,6.96,114.06,0.512,extremo lejos del nodo; nodo lejos de la geometría
Honda,Mariquita,Mariquita - Honda (Puente Luis Ignacio Andrade),18.95,14.71,1.2882,1.93,0.07,0.59,0.07,18.93,1.001,
Bogotá,Fusagasugá,Fusagasugá - Silvania - Bogotá (Bosa),111.76,45.75,2.4428,10.39,5.00,10.39,0.13,59.04,1.893,extremo lejos del nodo; nodo lejos de la geometría; registro mayor que el camino de la geometría
Fusagasugá,Girardot,Girardot - Fusagasugá,111.39,46.95,2.3725,5.00,2.93,5.00,1.32,62.05,1.795,registro mayor que el camino de la geometría
Girardot,El Espinal,El Espinal - Girardot,19.36,20.42,0.9479,3.07,1.71,3.07,1.71,15.75,1.229,carretera menor que geodésica
Girardot,Cambao,Girardot - Cambao,88.71,66.51,1.3338,9.98,0.85,3.54,0.84,inf,,extremo lejos del nodo; geometría sin camino entre extremos
Puente Nacional,San Gil,Puente Nacional - San Gil,124.72,95.97,1.2996,0.84,0.30,0.81,0.09,125.09,0.997,
San Gil,Bucaramanga,San Gil - Bucaramanga,109.14,62.77,1.7387,0.72,4.13,0.30,4.12,92.48,1.180,
Bucaramanga,Cuestaboba,Bucaramanga - Cuestaboba,70.06,33.29,2.1047,3.93,0.87,3.92,0.00,64.56,1.085,
Cuestaboba,Pamplona,Cuestaboba - Pamplona,54.31,28.32,1.9176,0.00,1.68,0.00,0.50,50.85,1.068,
Pamplona,Presidente,Presidente - Pamplona,68.00,39.38,1.7266,1.32,1.12,0.29,0.02,64.99,1.046,
Presidente,La Palmera,La Palmera - Presidente,100.90,56.37,1.7898,0.13,0.00,0.13,0.00,200.41,0.503,
La Palmera,Duitama,Duitama - La Palmera,141.01,85.38,1.6515,0.00,2.19,0.00,0.37,135.76,1.039,
