familia,n,instancia,iteracion,costo_medio_mejor_global,brecha_pct
red de carga,5,1,1,972.060000,-0.0000
red de carga,5,1,2,972.060000,-0.0000
red de carga,5,1,3,972.060000,-0.0000
red de carga,5,1,4,972.060000,-0.0000
red de carga,5,1,5,972.060000,-0.0000
red de carga,5,1,6,972.060000,-0.0000
red de carga,5,1,7,972.060000,-0.0000
red de carga,5,1,8,972.060000,-0.0000
red de carga,5,1,9,972.060000,-0.0000
red de carga,5,1,10,972.060000,-0.0000
red de carga,5,1,11,972.060000,-0.0000
red de carga,5,1,12,972.060000,-0.0000
red de carga,5,1,13,972.060000,-0.0000
red de carga,5,1,14,972.060000,-0.0000
red de carga,5,1,15,972.060000,-0.0000
red de carga,5,1,16,972.060000,-0.0000
red de carga,5,1,17,972.060000,-0.0000
red de carga,5,1,18,972.060000,-0.0000
red de carga,5,1,19,972.060000,-0.0000
red de carga,5,1,20,972.060000,-0.0000
red de carga,5,1,21,972.060000,-0.0000
red de carga,5,1,22,972.060000,-0.0000
red de carga,5,1,23,972.060000,-0.0000
red de carga,5,1,24,972.060000,-0.0000
red de carga,5,1,25,972.060000,-0.0000
red de carga,5,1,26,972.060000,-0.0000
red de carga,5,1,27,972.060000,-0.0000
red de carga,5,1,28,972.060000,-0.0000
red de carga,5,1,29,972.060000,-0.0000
red de carga,5,1,30,972.060000,-0.0000
red de carga,5,1,31,972.060000,-0.0000
red de carga,5,1,32,972.060000,-0.0000
red de carga,5,1,33,972.060000,-0.0000
red de carga,5,1,34,972.060000,-0.0000
red de carga,5,1,35,972.060000,-0.0000
red de carga,5,1,36,972.060000,-0.0000
red de carga,5,1,37,972.060000,-0.0000
red de carga,5,1,38,972.060000,-0.0000
red de carga,5,1,39,972.060000,-0.0000
red de carga,5,1,40,972.060000,-0.0000
red de carga,5,1,41,972.060000,-0.0000
red de carga,5,1,42,972.060000,-0.0000
red de carga,5,1,43,972.060000,-0.0000
red de carga,5,1,44,972.060000,-0.0000
red de carga,5,1,45,972.060000,-0.0000
red de carga,5,1,46,972.060000,-0.0000
red de carga,5,1,47,972.060000,-0.0000
red de carga,5,1,48,972.060000,-0.0000
red de carga,5,1,49,972.060000,-0.0000
red de carga,5,1,50,972.060000,-0.0000
red de carga,5,1,51,972.060000,-0.0000
red de carga,5,1,52,972.060000,-0.0000
red de carga,5,1,53,972.060000,-0.0000
red de carga,5,1,54,972.060000,-0.0000
red de carga,5,1,55,972.060000,-0.0000
red de carga,5,1,56,972.060000,-0.0000
red de carga,5,1,57,972.060000,-0.0000
red de carga,5,1,58,972.060000,-0.0000
red de carga,5,1,59,972.060000,-0.0000
red de carga,5,1,60,972.060000,-0.0000
red de carga,5,1,61,972.060000,-0.0000
red de carga,5,1,62,972.060000,-0.0000
red de carga,5,1,63,972.060000,-0.0000
red de carga,5,1,64,972.060000,-0.0000
red de carga,5,1,65,972.060000,-0.0000
red de carga,5,1,66,972.060000,-0.0000
red de carga,5,1,67,972.060000,-0.0000
red de carga,5,1,68,972.060000,-0.0000
red de carga,5,1,69,972.060000,-0.0000
red de carga,5,1,70,972.060000,-0.0000
red de carga,5,1,71,972.060000,-0.0000
red de carga,5,1,72,972.060000,-0.0000
red de carga,5,1,73,972.060000,-0.0000
red de carga,5,1,74,972.060000,-0.0000
red de carga,5,1,75,972.060000,-0.0000
red de carga,5,1,76,972.060000,-0.0000
red de carga,5,1,77,972.060000,-0.0000
red de carga,5,1,78,972.060000,-0.0000
red de carga,5,1,79,972.060000,-0.0000
red de carga,5,1,80,972.060000,-0.0000
red de carga,5,1,81,972.060000,-0.0000
red de carga,5,1,82,972.060000,-0.0000
red de carga,5,1,83,972.060000,-0.0000
red de carga,5,1,84,972.060000,-0.0000
red de carga,5,1,85,972.060000,-0.0000
red de carga,5,1,86,972.060000,-0.0000
red de carga,5,1,87,972.060000,-0.0000
red de carga,5,1,88,972.060000,-0.0000
red de carga,5,1,89,972.060000,-0.0000
red de carga,5,1,90,972.060000,-0.0000
red de carga,5,1,91,972.060000,-0.0000
red de carga,5,1,92,972.060000,-0.0000
red de carga,5,1,93,972.060000,-0.0000
red de carga,5,1,94,972.060000,-0.0000
red de carga,5,1,95,972.060000,-0.0000
red de carga,5,1,96,972.060000,-0.0000
red de carga,5,1,97,972.060000,-0.0000
red de carga,5,1,98,972.060000,-0.0000
red de carga,5,1,99,972.060000,-0.0000
red de carga,5,1,100,972.060000,-0.0000
red de carga,5,2,1,1184.440000,0.0000
red de carga,5,2,2,1184.440000,0.0000
red de carga,5,2,3,1184.440000,0.0000
red de carga,5,2,4,1184.440000,0.0000
red de carga,5,2,5,1184.440000,0.0000
red de carga,5,2,6,1184.440000,0.0000
red de carga,5,2,7,1184.440000,0.0000
red de carga,5,2,8,1184.440000,0.0000
red de carga,5,2,9,1184.440000,0.0000
red de carga,5,2,10,1184.440000,0.0000
red de carga,5,2,11,1184.440000,0.0000
red de carga,5,2,12,1184.440000,0.0000
red de carga,5,2,13,1184.440000,0.0000
red de carga,5,2,14,1184.440000,0.0000
red de carga,5,2,15,1184.440000,0.0000
red de carga,5,2,16,1184.440000,0.0000
red de carga,5,2,17,1184.440000,0.0000
red de carga,5,2,18,1184.440000,0.0000
red de carga,5,2,19,1184.440000,0.0000
red de carga,5,2,20,1184.440000,0.0000
red de carga,5,2,21,1184.440000,0.0000
red de carga,5,2,22,1184.440000,0.0000
red de carga,5,2,23,1184.440000,0.0000
red de carga,5,2,24,1184.440000,0.0000
red de carga,5,2,25,1184.440000,0.0000
red de carga,5,2,26,1184.440000,0.0000
red de carga,5,2,27,1184.440000,0.0000
red de carga,5,2,28,1184.440000,0.0000
red de carga,5,2,29,1184.440000,0.0000
red de carga,5,2,30,1184.440000,0.0000
red de carga,5,2,31,1184.440000,0.0000
red de carga,5,2,32,1184.440000,0.0000
red de carga,5,2,33,1184.440000,0.0000
red de carga,5,2,34,1184.440000,0.0000
red de carga,5,2,35,1184.440000,0.0000
red de carga,5,2,36,1184.440000,0.0000
red de carga,5,2,37,1184.440000,0.0000
red de carga,5,2,38,1184.440000,0.0000
red de carga,5,2,39,1184.440000,0.0000
red de carga,5,2,40,1184.440000,0.0000
red de carga,5,2,41,1184.440000,0.0000
red de carga,5,2,42,1184.440000,0.0000
red de carga,5,2,43,1184.440000,0.0000
red de carga,5,2,44,1184.440000,0.0000
red de carga,5,2,45,1184.440000,0.0000
red de carga,5,2,46,1184.440000,0.0000
red de carga,5,2,47,1184.440000,0.0000
red de carga,5,2,48,1184.440000,0.0000
red de carga,5,2,49,1184.440000,0.0000
red de carga,5,2,50,1184.440000,0.0000
red de carga,5,2,51,1184.440000,0.0000
red de carga,5,2,52,1184.440000,0.0000
red de carga,5,2,53,1184.440000,0.0000
red de carga,5,2,54,1184.440000,0.0000
red de carga,5,2,55,1184.440000,0.0000
red de carga,5,2,56,1184.440000,0.0000
red de carga,5,2,57,1184.440000,0.0000
red de carga,5,2,58,1184.440000,0.0000
red de carga,5,2,59,1184.440000,0.0000
red de carga,5,2,60,1184.440000,0.0000
red de carga,5,2,61,1184.440000,0.0000
red de carga,5,2,62,1184.440000,0.0000
red de carga,5,2,63,1184.440000,0.0000
red de carga,5,2,64,1184.440000,0.0000
red de carga,5,2,65,1184.440000,0.0000
red de carga,5,2,66,1184.440000,0.0000
red de carga,5,2,67,1184.440000,0.0000
red de carga,5,2,68,1184.440000,0.0000
red de carga,5,2,69,1184.440000,0.0000
red de carga,5,2,70,1184.440000,0.0000
red de carga,5,2,71,1184.440000,0.0000
red de carga,5,2,72,1184.440000,0.0000
red de carga,5,2,73,1184.440000,0.0000
red de carga,5,2,74,1184.440000,0.0000
red de carga,5,2,75,1184.440000,0.0000
red de carga,5,2,76,1184.440000,0.0000
red de carga,5,2,77,1184.440000,0.0000
red de carga,5,2,78,1184.440000,0.0000
red de carga,5,2,79,1184.440000,0.0000
red de carga,5,2,80,1184.440000,0.0000
red de carga,5,2,81,1184.440000,0.0000
red de carga,5,2,82,1184.440000,0.0000
red de carga,5,2,83,1184.440000,0.0000
red de carga,5,2,84,1184.440000,0.0000
red de carga,5,2,85,1184.440000,0.0000
red de carga,5,2,86,1184.440000,0.0000
red de carga,5,2,87,1184.440000,0.0000
red de carga,5,2,88,1184.440000,0.0000
red de carga,5,2,89,1184.440000,0.0000
red de carga,5,2,90,1184.440000,0.0000
red de carga,5,2,91,1184.440000,0.0000
red de carga,5,2,92,1184.440000,0.0000
red de carga,5,2,93,1184.440000,0.0000
red de carga,5,2,94,1184.440000,0.0000
red de carga,5,2,95,1184.440000,0.0000
red de carga,5,2,96,1184.440000,0.0000
red de carga,5,2,97,1184.440000,0.0000
red de carga,5,2,98,1184.440000,0.0000
red de carga,5,2,99,1184.440000,0.0000
red de carga,5,2,100,1184.440000,0.0000
red de carga,5,3,1,1250.360000,0.0000
red de carga,5,3,2,1250.360000,0.0000
red de carga,5,3,3,1250.360000,0.0000
red de carga,5,3,4,1250.360000,0.0000
red de carga,5,3,5,1250.360000,0.0000
red de carga,5,3,6,1250.360000,0.0000
red de carga,5,3,7,1250.360000,0.0000
red de carga,5,3,8,1250.360000,0.0000
red de carga,5,3,9,1250.360000,0.0000
red de carga,5,3,10,1250.360000,0.0000
red de carga,5,3,11,1250.360000,0.0000
red de carga,5,3,12,1250.360000,0.0000
red de carga,5,3,13,1250.360000,0.0000
red de carga,5,3,14,1250.360000,0.0000
red de carga,5,3,15,1250.360000,0.0000
red de carga,5,3,16,1250.360000,0.0000
red de carga,5,3,17,1250.360000,0.0000
red de carga,5,3,18,1250.360000,0.0000
red de carga,5,3,19,1250.360000,0.0000
red de carga,5,3,20,1250.360000,0.0000
red de carga,5,3,21,1250.360000,0.0000
red de carga,5,3,22,1250.360000,0.0000
red de carga,5,3,23,1250.360000,0.0000
red de carga,5,3,24,1250.360000,0.0000
red de carga,5,3,25,1250.360000,0.0000
red de carga,5,3,26,1250.360000,0.0000
red de carga,5,3,27,1250.360000,0.0000
red de carga,5,3,28,1250.360000,0.0000
red de carga,5,3,29,1250.360000,0.0000
red de carga,5,3,30,1250.360000,0.0000
red de carga,5,3,31,1250.360000,0.0000
red de carga,5,3,32,1250.360000,0.0000
red de carga,5,3,33,1250.360000,0.0000
red de carga,5,3,34,1250.360000,0.0000
red de carga,5,3,35,1250.360000,0.0000
red de carga,5,3,36,1250.360000,0.0000
red de carga,5,3,37,1250.360000,0.0000
red de carga,5,3,38,1250.360000,0.0000
red de carga,5,3,39,1250.360000,0.0000
red de carga,5,3,40,1250.360000,0.0000
red de carga,5,3,41,1250.360000,0.0000
red de carga,5,3,42,1250.360000,0.0000
red de carga,5,3,43,1250.360000,0.0000
red de carga,5,3,44,1250.360000,0.0000
red de carga,5,3,45,1250.360000,0.0000
red de carga,5,3,46,1250.360000,0.0000
red de carga,5,3,47,1250.360000,0.0000
red de carga,5,3,48,1250.360000,0.0000
red de carga,5,3,49,1250.360000,0.0000
red de carga,5,3,50,1250.360000,0.0000
red de carga,5,3,51,1250.360000,0.0000
red de carga,5,3,52,1250.360000,0.0000
red de carga,5,3,53,1250.360000,0.0000
red de carga,5,3,54,1250.360000,0.0000
red de carga,5,3,55,1250.360000,0.0000
red de carga,5,3,56,1250.360000,0.0000
red de carga,5,3,57,1250.360000,0.0000
red de carga,5,3,58,1250.360000,0.0000
red de carga,5,3,59,1250.360000,0.0000
red de carga,5,3,60,1250.360000,0.0000
red de carga,5,3,61,1250.360000,0.0000
red de carga,5,3,62,1250.360000,0.0000
red de carga,5,3,63,1250.360000,0.0000
red de carga,5,3,64,1250.360000,0.0000
red de carga,5,3,65,1250.360000,0.0000
red de carga,5,3,66,1250.360000,0.0000
red de carga,5,3,67,1250.360000,0.0000
red de carga,5,3,68,1250.360000,0.0000
red de carga,5,3,69,1250.360000,0.0000
red de carga,5,3,70,1250.360000,0.0000
red de carga,5,3,71,1250.360000,0.0000
red de carga,5,3,72,1250.360000,0.0000
red de carga,5,3,73,1250.360000,0.0000
red de carga,5,3,74,1250.360000,0.0000
red de carga,5,3,75,1250.360000,0.0000
red de carga,5,3,76,1250.360000,0.0000
red de carga,5,3,77,1250.360000,0.0000
red de carga,5,3,78,1250.360000,0.0000
red de carga,5,3,79,1250.360000,0.0000
red de carga,5,3,80,1250.360000,0.0000
red de carga,5,3,81,1250.360000,0.0000
red de carga,5,3,82,1250.360000,0.0000
red de carga,5,3,83,1250.360000,0.0000
red de carga,5,3,84,1250.360000,0.0000
red de carga,5,3,85,1250.360000,0.0000
red de carga,5,3,86,1250.360000,0.0000
red de carga,5,3,87,1250.360000,0.0000
red de carga,5,3,88,1250.360000,0.0000
red de carga,5,3,89,1250.360000,0.0000
red de carga,5,3,90,1250.360000,0.0000
red de carga,5,3,91,1250.360000,0.0000
red de carga,5,3,92,1250.360000,0.0000
red de carga,5,3,93,1250.360000,0.0000
red de carga,5,3,94,1250.360000,0.0000
red de carga,5,3,95,1250.360000,0.0000
red de carga,5,3,96,1250.360000,0.0000
red de carga,5,3,97,1250.360000,0.0000
red de carga,5,3,98,1250.360000,0.0000
red de carga,5,3,99,1250.360000,0.0000
red de carga,5,3,100,1250.360000,0.0000
red de carga,10,1,1,1548.820000,0.0000
red de carga,10,1,2,1548.820000,0.0000
red de carga,10,1,3,1548.820000,0.0000
red de carga,10,1,4,1548.820000,0.0000
red de carga,10,1,5,1548.820000,0.0000
red de carga,10,1,6,1548.820000,0.0000
red de carga,10,1,7,1548.820000,0.0000
red de carga,10,1,8,1548.820000,0.0000
red de carga,10,1,9,1548.820000,0.0000
red de carga,10,1,10,1548.820000,0.0000
red de carga,10,1,11,1548.820000,0.0000
red de carga,10,1,12,1548.820000,0.0000
red de carga,10,1,13,1548.820000,0.0000
red de carga,10,1,14,1548.820000,0.0000
red de carga,10,1,15,1548.820000,0.0000
red de carga,10,1,16,1548.820000,0.0000
red de carga,10,1,17,1548.820000,0.0000
red de carga,10,1,18,1548.820000,0.0000
red de carga,10,1,19,1548.820000,0.0000
red de carga,10,1,20,1548.820000,0.0000
red de carga,10,1,21,1548.820000,0.0000
red de carga,10,1,22,1548.820000,0.0000
red de carga,10,1,23,1548.820000,0.0000
red de carga,10,1,24,1548.820000,0.0000
red de carga,10,1,25,1548.820000,0.0000
red de carga,10,1,26,1548.820000,0.0000
red de carga,10,1,27,1548.820000,0.0000
red de carga,10,1,28,1548.820000,0.0000
red de carga,10,1,29,1548.820000,0.0000
red de carga,10,1,30,1548.820000,0.0000
red de carga,10,1,31,1548.820000,0.0000
red de carga,10,1,32,1548.820000,0.0000
red de carga,10,1,33,1548.820000,0.0000
red de carga,10,1,34,1548.820000,0.0000
red de carga,10,1,35,1548.820000,0.0000
red de carga,10,1,36,1548.820000,0.0000
red de carga,10,1,37,1548.820000,0.0000
red de carga,10,1,38,1548.820000,0.0000
red de carga,10,1,39,1548.820000,0.0000
red de carga,10,1,40,1548.820000,0.0000
red de carga,10,1,41,1548.820000,0.0000
red de carga,10,1,42,1548.820000,0.0000
red de carga,10,1,43,1548.820000,0.0000
red de carga,10,1,44,1548.820000,0.0000
red de carga,10,1,45,1548.820000,0.0000
red de carga,10,1,46,1548.820000,0.0000
red de carga,10,1,47,1548.820000,0.0000
red de carga,10,1,48,1548.820000,0.0000
red de carga,10,1,49,1548.820000,0.0000
red de carga,10,1,50,1548.820000,0.0000
red de carga,10,1,51,1548.820000,0.0000
red de carga,10,1,52,1548.820000,0.0000
red de carga,10,1,53,1548.820000,0.0000
red de carga,10,1,54,1548.820000,0.0000
red de carga,10,1,55,1548.820000,0.0000
red de carga,10,1,56,1548.820000,0.0000
red de carga,10,1,57,1548.820000,0.0000
red de carga,10,1,58,1548.820000,0.0000
red de carga,10,1,59,1548.820000,0.0000
red de carga,10,1,60,1548.820000,0.0000
red de carga,10,1,61,1548.820000,0.0000
red de carga,10,1,62,1548.820000,0.0000
red de carga,10,1,63,1548.820000,0.0000
red de carga,10,1,64,1548.820000,0.0000
red de carga,10,1,65,1548.820000,0.0000
red de carga,10,1,66,1548.820000,0.0000
red de carga,10,1,67,1548.820000,0.0000
red de carga,10,1,68,1548.820000,0.0000
red de carga,10,1,69,1548.820000,0.0000
red de carga,10,1,70,1548.820000,0.0000
red de carga,10,1,71,1548.820000,0.0000
red de carga,10,1,72,1548.820000,0.0000
red de carga,10,1,73,1548.820000,0.0000
red de carga,10,1,74,1548.820000,0.0000
red de carga,10,1,75,1548.820000,0.0000
red de carga,10,1,76,1548.820000,0.0000
red de carga,10,1,77,1548.820000,0.0000
red de carga,10,1,78,1548.820000,0.0000
red de carga,10,1,79,1548.820000,0.0000
red de carga,10,1,80,1548.820000,0.0000
red de carga,10,1,81,1548.820000,0.0000
red de carga,10,1,82,1548.820000,0.0000
red de carga,10,1,83,1548.820000,0.0000
red de carga,10,1,84,1548.820000,0.0000
red de carga,10,1,85,1548.820000,0.0000
red de carga,10,1,86,1548.820000,0.0000
red de carga,10,1,87,1548.820000,0.0000
red de carga,10,1,88,1548.820000,0.0000
red de carga,10,1,89,1548.820000,0.0000
red de carga,10,1,90,1548.820000,0.0000
red de carga,10,1,91,1548.820000,0.0000
red de carga,10,1,92,1548.820000,0.0000
red de carga,10,1,93,1548.820000,0.0000
red de carga,10,1,94,1548.820000,0.0000
red de carga,10,1,95,1548.820000,0.0000
red de carga,10,1,96,1548.820000,0.0000
red de carga,10,1,97,1548.820000,0.0000
red de carga,10,1,98,1548.820000,0.0000
red de carga,10,1,99,1548.820000,0.0000
red de carga,10,1,100,1548.820000,0.0000
red de carga,10,2,1,2089.760000,0.0000
red de carga,10,2,2,2089.760000,0.0000
red de carga,10,2,3,2089.760000,-0.0000
red de carga,10,2,4,2089.760000,-0.0000
red de carga,10,2,5,2089.760000,-0.0000
red de carga,10,2,6,2089.760000,-0.0000
red de carga,10,2,7,2089.760000,-0.0000
red de carga,10,2,8,2089.760000,-0.0000
red de carga,10,2,9,2089.760000,-0.0000
red de carga,10,2,10,2089.760000,-0.0000
red de carga,10,2,11,2089.760000,-0.0000
red de carga,10,2,12,2089.760000,-0.0000
red de carga,10,2,13,2089.760000,-0.0000
red de carga,10,2,14,2089.760000,-0.0000
red de carga,10,2,15,2089.760000,-0.0000
red de carga,10,2,16,2089.760000,-0.0000
red de carga,10,2,17,2089.760000,-0.0000
red de carga,10,2,18,2089.760000,-0.0000
red de carga,10,2,19,2089.760000,-0.0000
red de carga,10,2,20,2089.760000,-0.0000
red de carga,10,2,21,2089.760000,-0.0000
red de carga,10,2,22,2089.760000,-0.0000
red de carga,10,2,23,2089.760000,-0.0000
red de carga,10,2,24,2089.760000,-0.0000
red de carga,10,2,25,2089.760000,-0.0000
red de carga,10,2,26,2089.760000,-0.0000
red de carga,10,2,27,2089.760000,-0.0000
red de carga,10,2,28,2089.760000,-0.0000
red de carga,10,2,29,2089.760000,-0.0000
red de carga,10,2,30,2089.760000,-0.0000
red de carga,10,2,31,2089.760000,-0.0000
red de carga,10,2,32,2089.760000,-0.0000
red de carga,10,2,33,2089.760000,-0.0000
red de carga,10,2,34,2089.760000,-0.0000
red de carga,10,2,35,2089.760000,-0.0000
red de carga,10,2,36,2089.760000,-0.0000
red de carga,10,2,37,2089.760000,-0.0000
red de carga,10,2,38,2089.760000,-0.0000
red de carga,10,2,39,2089.760000,-0.0000
red de carga,10,2,40,2089.760000,-0.0000
red de carga,10,2,41,2089.760000,-0.0000
red de carga,10,2,42,2089.760000,-0.0000
red de carga,10,2,43,2089.760000,-0.0000
red de carga,10,2,44,2089.760000,-0.0000
red de carga,10,2,45,2089.760000,-0.0000
red de carga,10,2,46,2089.760000,-0.0000
red de carga,10,2,47,2089.760000,-0.0000
red de carga,10,2,48,2089.760000,-0.0000
red de carga,10,2,49,2089.760000,-0.0000
red de carga,10,2,50,2089.760000,-0.0000
red de carga,10,2,51,2089.760000,-0.0000
red de carga,10,2,52,2089.760000,-0.0000
red de carga,10,2,53,2089.760000,-0.0000
red de carga,10,2,54,2089.760000,-0.0000
red de carga,10,2,55,2089.760000,-0.0000
red de carga,10,2,56,2089.760000,-0.0000
red de carga,10,2,57,2089.760000,-0.0000
red de carga,10,2,58,2089.760000,-0.0000
red de carga,10,2,59,2089.760000,-0.0000
red de carga,10,2,60,2089.760000,-0.0000
red de carga,10,2,61,2089.760000,-0.0000
red de carga,10,2,62,2089.760000,-0.0000
red de carga,10,2,63,2089.760000,-0.0000
red de carga,10,2,64,2089.760000,-0.0000
red de carga,10,2,65,2089.760000,-0.0000
red de carga,10,2,66,2089.760000,-0.0000
red de carga,10,2,67,2089.760000,-0.0000
red de carga,10,2,68,2089.760000,-0.0000
red de carga,10,2,69,2089.760000,-0.0000
red de carga,10,2,70,2089.760000,-0.0000
red de carga,10,2,71,2089.760000,-0.0000
red de carga,10,2,72,2089.760000,-0.0000
red de carga,10,2,73,2089.760000,-0.0000
red de carga,10,2,74,2089.760000,-0.0000
red de carga,10,2,75,2089.760000,-0.0000
red de carga,10,2,76,2089.760000,-0.0000
red de carga,10,2,77,2089.760000,-0.0000
red de carga,10,2,78,2089.760000,-0.0000
red de carga,10,2,79,2089.760000,-0.0000
red de carga,10,2,80,2089.760000,-0.0000
red de carga,10,2,81,2089.760000,-0.0000
red de carga,10,2,82,2089.760000,-0.0000
red de carga,10,2,83,2089.760000,-0.0000
red de carga,10,2,84,2089.760000,-0.0000
red de carga,10,2,85,2089.760000,-0.0000
red de carga,10,2,86,2089.760000,-0.0000
red de carga,10,2,87,2089.760000,-0.0000
red de carga,10,2,88,2089.760000,-0.0000
red de carga,10,2,89,2089.760000,-0.0000
red de carga,10,2,90,2089.760000,-0.0000
red de carga,10,2,91,2089.760000,-0.0000
red de carga,10,2,92,2089.760000,-0.0000
red de carga,10,2,93,2089.760000,-0.0000
red de carga,10,2,94,2089.760000,-0.0000
red de carga,10,2,95,2089.760000,-0.0000
red de carga,10,2,96,2089.760000,-0.0000
red de carga,10,2,97,2089.760000,-0.0000
red de carga,10,2,98,2089.760000,-0.0000
red de carga,10,2,99,2089.760000,-0.0000
red de carga,10,2,100,2089.760000,-0.0000
red de carga,10,3,1,2174.900000,0.0000
red de carga,10,3,2,2174.900000,0.0000
red de carga,10,3,3,2174.900000,0.0000
red de carga,10,3,4,2174.900000,0.0000
red de carga,10,3,5,2174.900000,0.0000
red de carga,10,3,6,2174.900000,0.0000
red de carga,10,3,7,2174.900000,0.0000
red de carga,10,3,8,2174.900000,0.0000
red de carga,10,3,9,2174.900000,0.0000
red de carga,10,3,10,2174.900000,0.0000
red de carga,10,3,11,2174.900000,0.0000
red de carga,10,3,12,2174.900000,0.0000
red de carga,10,3,13,2174.900000,0.0000
red de carga,10,3,14,2174.900000,0.0000
red de carga,10,3,15,2174.900000,0.0000
red de carga,10,3,16,2174.900000,0.0000
red de carga,10,3,17,2174.900000,0.0000
red de carga,10,3,18,2174.900000,0.0000
red de carga,10,3,19,2174.900000,0.0000
red de carga,10,3,20,2174.900000,0.0000
red de carga,10,3,21,2174.900000,0.0000
red de carga,10,3,22,2174.900000,0.0000
red de carga,10,3,23,2174.900000,0.0000
red de carga,10,3,24,2174.900000,0.0000
red de carga,10,3,25,2174.900000,0.0000
red de carga,10,3,26,2174.900000,0.0000
red de carga,10,3,27,2174.900000,0.0000
red de carga,10,3,28,2174.900000,0.0000
red de carga,10,3,29,2174.900000,0.0000
red de carga,10,3,30,2174.900000,0.0000
red de carga,10,3,31,2174.900000,0.0000
red de carga,10,3,32,2174.900000,0.0000
red de carga,10,3,33,2174.900000,0.0000
red de carga,10,3,34,2174.900000,0.0000
red de carga,10,3,35,2174.900000,0.0000
red de carga,10,3,36,2174.900000,0.0000
red de carga,10,3,37,2174.900000,0.0000
red de carga,10,3,38,2174.900000,0.0000
red de carga,10,3,39,2174.900000,0.0000
red de carga,10,3,40,2174.900000,0.0000
red de carga,10,3,41,2174.900000,0.0000
red de carga,10,3,42,2174.900000,0.0000
red de carga,10,3,43,2174.900000,0.0000
red de carga,10,3,44,2174.900000,0.0000
red de carga,10,3,45,2174.900000,0.0000
red de carga,10,3,46,2174.900000,0.0000
red de carga,10,3,47,2174.900000,0.0000
red de carga,10,3,48,2174.900000,0.0000
red de carga,10,3,49,2174.900000,0.0000
red de carga,10,3,50,2174.900000,0.0000
red de carga,10,3,51,2174.900000,0.0000
red de carga,10,3,52,2174.900000,0.0000
red de carga,10,3,53,2174.900000,0.0000
red de carga,10,3,54,2174.900000,0.0000
red de carga,10,3,55,2174.900000,0.0000
red de carga,10,3,56,2174.900000,0.0000
red de carga,10,3,57,2174.900000,0.0000
red de carga,10,3,58,2174.900000,0.0000
red de carga,10,3,59,2174.900000,0.0000
red de carga,10,3,60,2174.900000,0.0000
red de carga,10,3,61,2174.900000,0.0000
red de carga,10,3,62,2174.900000,0.0000
red de carga,10,3,63,2174.900000,0.0000
red de carga,10,3,64,2174.900000,0.0000
red de carga,10,3,65,2174.900000,0.0000
red de carga,10,3,66,2174.900000,0.0000
red de carga,10,3,67,2174.900000,0.0000
red de carga,10,3,68,2174.900000,0.0000
red de carga,10,3,69,2174.900000,0.0000
red de carga,10,3,70,2174.900000,0.0000
red de carga,10,3,71,2174.900000,0.0000
red de carga,10,3,72,2174.900000,0.0000
red de carga,10,3,73,2174.900000,0.0000
red de carga,10,3,74,2174.900000,0.0000
red de carga,10,3,75,2174.900000,0.0000
red de carga,10,3,76,2174.900000,0.0000
red de carga,10,3,77,2174.900000,0.0000
red de carga,10,3,78,2174.900000,0.0000
red de carga,10,3,79,2174.900000,0.0000
red de carga,10,3,80,2174.900000,0.0000
red de carga,10,3,81,2174.900000,0.0000
red de carga,10,3,82,2174.900000,0.0000
red de carga,10,3,83,2174.900000,0.0000
red de carga,10,3,84,2174.900000,0.0000
red de carga,10,3,85,2174.900000,0.0000
red de carga,10,3,86,2174.900000,0.0000
red de carga,10,3,87,2174.900000,0.0000
red de carga,10,3,88,2174.900000,0.0000
red de carga,10,3,89,2174.900000,0.0000
red de carga,10,3,90,2174.900000,0.0000
red de carga,10,3,91,2174.900000,0.0000
red de carga,10,3,92,2174.900000,0.0000
red de carga,10,3,93,2174.900000,0.0000
red de carga,10,3,94,2174.900000,0.0000
red de carga,10,3,95,2174.900000,0.0000
red de carga,10,3,96,2174.900000,0.0000
red de carga,10,3,97,2174.900000,0.0000
red de carga,10,3,98,2174.900000,0.0000
red de carga,10,3,99,2174.900000,0.0000
red de carga,10,3,100,2174.900000,0.0000
red de carga,15,1,1,2052.640000,0.0000
red de carga,15,1,2,2052.640000,0.0000
red de carga,15,1,3,2052.640000,0.0000
red de carga,15,1,4,2052.640000,0.0000
red de carga,15,1,5,2052.640000,0.0000
red de carga,15,1,6,2052.640000,0.0000
red de carga,15,1,7,2052.640000,0.0000
red de carga,15,1,8,2052.640000,0.0000
red de carga,15,1,9,2052.640000,0.0000
red de carga,15,1,10,2052.640000,0.0000
red de carga,15,1,11,2052.640000,0.0000
red de carga,15,1,12,2052.640000,0.0000
red de carga,15,1,13,2052.640000,0.0000
red de carga,15,1,14,2052.640000,0.0000
red de carga,15,1,15,2052.640000,0.0000
red de carga,15,1,16,2052.640000,0.0000
red de carga,15,1,17,2052.640000,0.0000
red de carga,15,1,18,2052.640000,0.0000
red de carga,15,1,19,2052.640000,0.0000
red de carga,15,1,20,2052.640000,0.0000
red de carga,15,1,21,2052.640000,0.0000
red de carga,15,1,22,2052.640000,0.0000
red de carga,15,1,23,2052.640000,0.0000
red de carga,15,1,24,2052.640000,0.0000
red de carga,15,1,25,2052.640000,0.0000
red de carga,15,1,26,2052.640000,0.0000
red de carga,15,1,27,2052.640000,0.0000
red de carga,15,1,28,2052.640000,0.0000
red de carga,15,1,29,2052.640000,0.0000
red de carga,15,1,30,2052.640000,0.0000
red de carga,15,1,31,2052.640000,0.0000
red de carga,15,1,32,2052.640000,0.0000
red de carga,15,1,33,2052.640000,0.0000
red de carga,15,1,34,2052.640000,0.0000
red de carga,15,1,35,2052.640000,0.0000
red de carga,15,1,36,2052.640000,0.0000
red de carga,15,1,37,2052.640000,0.0000
red de carga,15,1,38,2052.640000,0.0000
red de carga,15,1,39,2052.640000,0.0000
red de carga,15,1,40,2052.640000,0.0000
red de carga,15,1,41,2052.640000,0.0000
red de carga,15,1,42,2052.640000,0.0000
red de carga,15,1,43,2052.640000,0.0000
red de carga,15,1,44,2052.640000,0.0000
red de carga,15,1,45,2052.640000,0.0000
red de carga,15,1,46,2052.640000,0.0000
red de carga,15,1,47,2052.640000,0.0000
red de carga,15,1,48,2052.640000,0.0000
red de carga,15,1,49,2052.640000,0.0000
red de carga,15,1,50,2052.640000,0.0000
red de carga,15,1,51,2052.640000,0.0000
red de carga,15,1,52,2052.640000,0.0000
red de carga,15,1,53,2052.640000,0.0000
red de carga,15,1,54,2052.640000,0.0000
red de carga,15,1,55,2052.640000,0.0000
red de carga,15,1,56,2052.640000,0.0000
red de carga,15,1,57,2052.640000,0.0000
red de carga,15,1,58,2052.640000,0.0000
red de carga,15,1,59,2052.640000,0.0000
red de carga,15,1,60,2052.640000,0.0000
red de carga,15,1,61,2052.640000,0.0000
red de carga,15,1,62,2052.640000,0.0000
red de carga,15,1,63,2052.640000,0.0000
red de carga,15,1,64,2052.640000,0.0000
red de carga,15,1,65,2052.640000,0.0000
red de carga,15,1,66,2052.640000,0.0000
red de carga,15,1,67,2052.640000,0.0000
red de carga,15,1,68,2052.640000,0.0000
red de carga,15,1,69,2052.640000,0.0000
red de carga,15,1,70,2052.640000,0.0000
red de carga,15,1,71,2052.640000,0.0000
red de carga,15,1,72,2052.640000,0.0000
red de carga,15,1,73,2052.640000,0.0000
red de carga,15,1,74,2052.640000,0.0000
red de carga,15,1,75,2052.640000,0.0000
red de carga,15,1,76,2052.640000,0.0000
red de carga,15,1,77,2052.640000,0.0000
red de carga,15,1,78,2052.640000,0.0000
red de carga,15,1,79,2052.640000,0.0000
red de carga,15,1,80,2052.640000,0.0000
red de carga,15,1,81,2052.640000,0.0000
red de carga,15,1,82,2052.640000,0.0000
red de carga,15,1,83,2052.640000,0.0000
red de carga,15,1,84,2052.640000,0.0000
red de carga,15,1,85,2052.640000,0.0000
red de carga,15,1,86,2052.640000,0.0000
red de carga,15,1,87,2052.640000,0.0000
red de carga,15,1,88,2052.640000,0.0000
red de carga,15,1,89,2052.640000,0.0000
red de carga,15,1,90,2052.640000,0.0000
red de carga,15,1,91,2052.640000,0.0000
red de carga,15,1,92,2052.640000,0.0000
red de carga,15,1,93,2052.640000,0.0000
red de carga,15,1,94,2052.640000,0.0000
red de carga,15,1,95,2052.640000,0.0000
red de carga,15,1,96,2052.640000,0.0000
red de carga,15,1,97,2052.640000,0.0000
red de carga,15,1,98,2052.640000,0.0000
red de carga,15,1,99,2052.640000,0.0000
red de carga,15,1,100,2052.640000,0.0000
red de carga,15,2,1,1776.100000,0.0000
red de carga,15,2,2,1776.100000,0.0000
red de carga,15,2,3,1776.100000,0.0000
red de carga,15,2,4,1776.100000,0.0000
red de carga,15,2,5,1776.100000,0.0000
red de carga,15,2,6,1776.100000,0.0000
red de carga,15,2,7,1776.100000,0.0000
red de carga,15,2,8,1776.100000,0.0000
red de carga,15,2,9,1776.100000,0.0000
red de carga,15,2,10,1776.100000,0.0000
red de carga,15,2,11,1776.100000,0.0000
red de carga,15,2,12,1776.100000,0.0000
red de carga,15,2,13,1776.100000,0.0000
red de carga,15,2,14,1776.100000,0.0000
red de carga,15,2,15,1776.100000,0.0000
red de carga,15,2,16,1776.100000,0.0000
red de carga,15,2,17,1776.100000,0.0000
red de carga,15,2,18,1776.100000,0.0000
red de carga,15,2,19,1776.100000,0.0000
red de carga,15,2,20,1776.100000,0.0000
red de carga,15,2,21,1776.100000,0.0000
red de carga,15,2,22,1776.100000,0.0000
red de carga,15,2,23,1776.100000,0.0000
red de carga,15,2,24,1776.100000,0.0000
red de carga,15,2,25,1776.100000,0.0000
red de carga,15,2,26,1776.100000,0.0000
red de carga,15,2,27,1776.100000,0.0000
red de carga,15,2,28,1776.100000,0.0000
red de carga,15,2,29,1776.100000,0.0000
red de carga,15,2,30,1776.100000,0.0000
red de carga,15,2,31,1776.100000,0.0000
red de carga,15,2,32,1776.100000,0.0000
red de carga,15,2,33,1776.100000,0.0000
red de carga,15,2,34,1776.100000,0.0000
red de carga,15,2,35,1776.100000,0.0000
red de carga,15,2,36,1776.100000,0.0000
red de carga,15,2,37,1776.100000,0.0000
red de carga,15,2,38,1776.100000,0.0000
red de carga,15,2,39,1776.100000,0.0000
red de carga,15,2,40,1776.100000,0.0000
red de carga,15,2,41,1776.100000,0.0000
red de carga,15,2,42,1776.100000,0.0000
red de carga,15,2,43,1776.100000,0.0000
red de carga,15,2,44,1776.100000,0.0000
red de carga,15,2,45,1776.100000,0.0000
red de carga,15,2,46,1776.100000,0.0000
red de carga,15,2,47,1776.100000,0.0000
red de carga,15,2,48,1776.100000,0.0000
red de carga,15,2,49,1776.100000,0.0000
red de carga,15,2,50,1776.100000,0.0000
red de carga,15,2,51,1776.100000,0.0000
red de carga,15,2,52,1776.100000,0.0000
red de carga,15,2,53,1776.100000,0.0000
red de carga,15,2,54,1776.100000,0.0000
red de carga,15,2,55,1776.100000,0.0000
red de carga,15,2,56,1776.100000,0.0000
red de carga,15,2,57,1776.100000,0.0000
red de carga,15,2,58,1776.100000,0.0000
red de carga,15,2,59,1776.100000,0.0000
red de carga,15,2,60,1776.100000,0.0000
red de carga,15,2,61,1776.100000,0.0000
red de carga,15,2,62,1776.100000,0.0000
red de carga,15,2,63,1776.100000,0.0000
red de carga,15,2,64,1776.100000,0.0000
red de carga,15,2,65,1776.100000,0.0000
red de carga,15,2,66,1776.100000,0.0000
red de carga,15,2,67,1776.100000,0.0000
red de carga,15,2,68,1776.100000,0.0000
red de carga,15,2,69,1776.100000,0.0000
red de carga,15,2,70,1776.100000,0.0000
red de carga,15,2,71,1776.100000,0.0000
red de carga,15,2,72,1776.100000,0.0000
red de carga,15,2,73,1776.100000,0.0000
red de carga,15,2,74,1776.100000,0.0000
red de carga,15,2,75,1776.100000,0.0000
red de carga,15,2,76,1776.100000,0.0000
red de carga,15,2,77,1776.100000,0.0000
red de carga,15,2,78,1776.100000,0.0000
red de carga,15,2,79,1776.100000,0.0000
red de carga,15,2,80,1776.100000,0.0000
red de carga,15,2,81,1776.100000,0.0000
red de carga,15,2,82,1776.100000,0.0000
red de carga,15,2,83,1776.100000,0.0000
red de carga,15,2,84,1776.100000,0.0000
red de carga,15,2,85,1776.100000,0.0000
red de carga,15,2,86,1776.100000,0.0000
red de carga,15,2,87,1776.100000,0.0000
red de carga,15,2,88,1776.100000,0.0000
red de carga,15,2,89,1776.100000,0.0000
red de carga,15,2,90,1776.100000,0.0000
red de carga,15,2,91,1776.100000,0.0000
red de carga,15,2,92,1776.100000,0.0000
red de carga,15,2,93,1776.100000,0.0000
red de carga,15,2,94,1776.100000,0.0000
red de carga,15,2,95,1776.100000,0.0000
red de carga,15,2,96,1776.100000,0.0000
red de carga,15,2,97,1776.100000,0.0000
red de carga,15,2,98,1776.100000,0.0000
red de carga,15,2,99,1776.100000,0.0000
red de carga,15,2,100,1776.100000,0.0000
red de carga,15,3,1,2168.900000,0.0000
red de carga,15,3,2,2168.900000,0.0000
red de carga,15,3,3,2168.900000,0.0000
red de carga,15,3,4,2168.900000,0.0000
red de carga,15,3,5,2168.900000,0.0000
red de carga,15,3,6,2168.900000,0.0000
red de carga,15,3,7,2168.900000,0.0000
red de carga,15,3,8,2168.900000,0.0000
red de carga,15,3,9,2168.900000,0.0000
red de carga,15,3,10,2168.900000,0.0000
red de carga,15,3,11,2168.900000,0.0000
red de carga,15,3,12,2168.900000,0.0000
red de carga,15,3,13,2168.900000,0.0000
red de carga,15,3,14,2168.900000,0.0000
red de carga,15,3,15,2168.900000,0.0000
red de carga,15,3,16,2168.900000,0.0000
red de carga,15,3,17,2168.900000,0.0000
red de carga,15,3,18,2168.900000,0.0000
red de carga,15,3,19,2168.900000,0.0000
red de carga,15,3,20,2168.900000,0.0000
red de carga,15,3,21,2168.900000,0.0000
red de carga,15,3,22,2168.900000,0.0000
red de carga,15,3,23,2168.900000,0.0000
red de carga,15,3,24,2168.900000,0.0000
red de carga,15,3,25,2168.900000,0.0000
red de carga,15,3,26,2168.900000,0.0000
red de carga,15,3,27,2168.900000,0.0000
red de carga,15,3,28,2168.900000,0.0000
red de carga,15,3,29,2168.900000,0.0000
red de carga,15,3,30,2168.900000,0.0000
red de carga,15,3,31,2168.900000,0.0000
red de carga,15,3,32,2168.900000,0.0000
red de carga,15,3,33,2168.900000,0.0000
red de carga,15,3,34,2168.900000,0.0000
red de carga,15,3,35,2168.900000,0.0000
red de carga,15,3,36,2168.900000,0.0000
red de carga,15,3,37,2168.900000,0.0000
red de carga,15,3,38,2168.900000,0.0000
red de carga,15,3,39,2168.900000,0.0000
red de carga,15,3,40,2168.900000,0.0000
red de carga,15,3,41,2168.900000,0.0000
red de carga,15,3,42,2168.900000,0.0000
red de carga,15,3,43,2168.900000,0.0000
red de carga,15,3,44,2168.900000,0.0000
red de carga,15,3,45,2168.900000,0.0000
red de carga,15,3,46,2168.900000,0.0000
red de carga,15,3,47,2168.900000,0.0000
red de carga,15,3,48,2168.900000,0.0000
red de carga,15,3,49,2168.900000,0.0000
red de carga,15,3,50,2168.900000,0.0000
red de carga,15,3,51,2168.900000,0.0000
red de carga,15,3,52,2168.900000,0.0000
red de carga,15,3,53,2168.900000,0.0000
red de carga,15,3,54,2168.900000,0.0000
red de carga,15,3,55,2168.900000,0.0000
red de carga,15,3,56,2168.900000,0.0000
red de carga,15,3,57,2168.900000,0.0000
red de carga,15,3,58,2168.900000,0.0000
red de carga,15,3,59,2168.900000,0.0000
red de carga,15,3,60,2168.900000,0.0000
red de carga,15,3,61,2168.900000,0.0000
red de carga,15,3,62,2168.900000,0.0000
red de carga,15,3,63,2168.900000,0.0000
red de carga,15,3,64,2168.900000,0.0000
red de carga,15,3,65,2168.900000,0.0000
red de carga,15,3,66,2168.900000,0.0000
red de carga,15,3,67,2168.900000,0.0000
red de carga,15,3,68,2168.900000,0.0000
red de carga,15,3,69,2168.900000,0.0000
red de carga,15,3,70,2168.900000,0.0000
red de carga,15,3,71,2168.900000,0.0000
red de carga,15,3,72,2168.900000,0.0000
red de carga,15,3,73,2168.900000,0.0000
red de carga,15,3,74,2168.900000,0.0000
red de carga,15,3,75,2168.900000,0.0000
red de carga,15,3,76,2168.900000,0.0000
red de carga,15,3,77,2168.900000,0.0000
red de carga,15,3,78,2168.900000,0.0000
red de carga,15,3,79,2168.900000,0.0000
red de carga,15,3,80,2168.900000,0.0000
red de carga,15,3,81,2168.900000,0.0000
red de carga,15,3,82,2168.900000,0.0000
red de carga,15,3,83,2168.900000,0.0000
red de carga,15,3,84,2168.900000,0.0000
red de carga,15,3,85,2168.900000,0.0000
red de carga,15,3,86,2168.900000,0.0000
red de carga,15,3,87,2168.900000,0.0000
red de carga,15,3,88,2168.900000,0.0000
red de carga,15,3,89,2168.900000,0.0000
red de carga,15,3,90,2168.900000,0.0000
red de carga,15,3,91,2168.900000,0.0000
red de carga,15,3,92,2168.900000,0.0000
red de carga,15,3,93,2168.900000,0.0000
red de carga,15,3,94,2168.900000,0.0000
red de carga,15,3,95,2168.900000,0.0000
red de carga,15,3,96,2168.900000,0.0000
red de carga,15,3,97,2168.900000,0.0000
red de carga,15,3,98,2168.900000,0.0000
red de carga,15,3,99,2168.900000,0.0000
red de carga,15,3,100,2168.900000,0.0000
red de carga,20,1,1,2325.560000,0.0000
red de carga,20,1,2,2325.560000,0.0000
red de carga,20,1,3,2325.560000,0.0000
red de carga,20,1,4,2325.560000,0.0000
red de carga,20,1,5,2325.560000,0.0000
red de carga,20,1,6,2325.560000,-0.0000
red de carga,20,1,7,2325.560000,-0.0000
red de carga,20,1,8,2325.560000,-0.0000
red de carga,20,1,9,2325.560000,-0.0000
red de carga,20,1,10,2325.560000,-0.0000
red de carga,20,1,11,2325.560000,-0.0000
red de carga,20,1,12,2325.560000,-0.0000
red de carga,20,1,13,2325.560000,-0.0000
red de carga,20,1,14,2325.560000,-0.0000
red de carga,20,1,15,2325.560000,-0.0000
red de carga,20,1,16,2325.560000,-0.0000
red de carga,20,1,17,2325.560000,-0.0000
red de carga,20,1,18,2325.560000,-0.0000
red de carga,20,1,19,2325.560000,-0.0000
red de carga,20,1,20,2325.560000,-0.0000
red de carga,20,1,21,2325.560000,-0.0000
red de carga,20,1,22,2325.560000,-0.0000
red de carga,20,1,23,2325.560000,-0.0000
red de carga,20,1,24,2325.560000,-0.0000
red de carga,20,1,25,2325.560000,-0.0000
red de carga,20,1,26,2325.560000,-0.0000
red de carga,20,1,27,2325.560000,-0.0000
red de carga,20,1,28,2325.560000,-0.0000
red de carga,20,1,29,2325.560000,-0.0000
red de carga,20,1,30,2325.560000,-0.0000
red de carga,20,1,31,2325.560000,-0.0000
red de carga,20,1,32,2325.560000,-0.0000
red de carga,20,1,33,2325.560000,-0.0000
red de carga,20,1,34,2325.560000,-0.0000
red de carga,20,1,35,2325.560000,-0.0000
red de carga,20,1,36,2325.560000,-0.0000
red de carga,20,1,37,2325.560000,-0.0000
red de carga,20,1,38,2325.560000,-0.0000
red de carga,20,1,39,2325.560000,-0.0000
red de carga,20,1,40,2325.560000,-0.0000
red de carga,20,1,41,2325.560000,-0.0000
red de carga,20,1,42,2325.560000,-0.0000
red de carga,20,1,43,2325.560000,-0.0000
red de carga,20,1,44,2325.560000,-0.0000
red de carga,20,1,45,2325.560000,-0.0000
red de carga,20,1,46,2325.560000,-0.0000
red de carga,20,1,47,2325.560000,-0.0000
red de carga,20,1,48,2325.560000,-0.0000
red de carga,20,1,49,2325.560000,-0.0000
red de carga,20,1,50,2325.560000,-0.0000
red de carga,20,1,51,2325.560000,-0.0000
red de carga,20,1,52,2325.560000,-0.0000
red de carga,20,1,53,2325.560000,-0.0000
red de carga,20,1,54,2325.560000,-0.0000
red de carga,20,1,55,2325.560000,-0.0000
red de carga,20,1,56,2325.560000,-0.0000
red de carga,20,1,57,2325.560000,-0.0000
red de carga,20,1,58,2325.560000,-0.0000
red de carga,20,1,59,2325.560000,-0.0000
red de carga,20,1,60,2325.560000,-0.0000
red de carga,20,1,61,2325.560000,-0.0000
red de carga,20,1,62,2325.560000,-0.0000
red de carga,20,1,63,2325.560000,-0.0000
red de carga,20,1,64,2325.560000,-0.0000
red de carga,20,1,65,2325.560000,-0.0000
red de carga,20,1,66,2325.560000,-0.0000
red de carga,20,1,67,2325.560000,-0.0000
red de carga,20,1,68,2325.560000,-0.0000
red de carga,20,1,69,2325.560000,-0.0000
red de carga,20,1,70,2325.560000,-0.0000
red de carga,20,1,71,2325.560000,-0.0000
red de carga,20,1,72,2325.560000,-0.0000
red de carga,20,1,73,2325.560000,-0.0000
red de carga,20,1,74,2325.560000,-0.0000
red de carga,20,1,75,2325.560000,-0.0000
red de carga,20,1,76,2325.560000,-0.0000
red de carga,20,1,77,2325.560000,-0.0000
red de carga,20,1,78,2325.560000,-0.0000
red de carga,20,1,79,2325.560000,-0.0000
red de carga,20,1,80,2325.560000,-0.0000
red de carga,20,1,81,2325.560000,-0.0000
red de carga,20,1,82,2325.560000,-0.0000
red de carga,20,1,83,2325.560000,-0.0000
red de carga,20,1,84,2325.560000,-0.0000
red de carga,20,1,85,2325.560000,-0.0000
red de carga,20,1,86,2325.560000,-0.0000
red de carga,20,1,87,2325.560000,-0.0000
red de carga,20,1,88,2325.560000,-0.0000
red de carga,20,1,89,2325.560000,-0.0000
red de carga,20,1,90,2325.560000,-0.0000
red de carga,20,1,91,2325.560000,-0.0000
red de carga,20,1,92,2325.560000,-0.0000
red de carga,20,1,93,2325.560000,-0.0000
red de carga,20,1,94,2325.560000,-0.0000
red de carga,20,1,95,2325.560000,-0.0000
red de carga,20,1,96,2325.560000,-0.0000
red de carga,20,1,97,2325.560000,-0.0000
red de carga,20,1,98,2325.560000,-0.0000
red de carga,20,1,99,2325.560000,-0.0000
red de carga,20,1,100,2325.560000,-0.0000
red de carga,20,2,1,2256.860000,0.0000
red de carga,20,2,2,2256.860000,0.0000
red de carga,20,2,3,2256.860000,0.0000
red de carga,20,2,4,2256.860000,0.0000
red de carga,20,2,5,2256.860000,0.0000
red de carga,20,2,6,2256.860000,0.0000
red de carga,20,2,7,2256.860000,0.0000
red de carga,20,2,8,2256.860000,0.0000
red de carga,20,2,9,2256.860000,0.0000
red de carga,20,2,10,2256.860000,0.0000
red de carga,20,2,11,2256.860000,0.0000
red de carga,20,2,12,2256.860000,0.0000
red de carga,20,2,13,2256.860000,0.0000
red de carga,20,2,14,2256.860000,0.0000
red de carga,20,2,15,2256.860000,0.0000
red de carga,20,2,16,2256.860000,0.0000
red de carga,20,2,17,2256.860000,0.0000
red de carga,20,2,18,2256.860000,0.0000
red de carga,20,2,19,2256.860000,0.0000
red de carga,20,2,20,2256.860000,0.0000
red de carga,20,2,21,2256.860000,0.0000
red de carga,20,2,22,2256.860000,0.0000
red de carga,20,2,23,2256.860000,0.0000
red de carga,20,2,24,2256.860000,0.0000
red de carga,20,2,25,2256.860000,0.0000
red de carga,20,2,26,2256.860000,0.0000
red de carga,20,2,27,2256.860000,0.0000
red de carga,20,2,28,2256.860000,0.0000
red de carga,20,2,29,2256.860000,0.0000
red de carga,20,2,30,2256.860000,0.0000
red de carga,20,2,31,2256.860000,0.0000
red de carga,20,2,32,2256.860000,0.0000
red de carga,20,2,33,2256.860000,0.0000
red de carga,20,2,34,2256.860000,0.0000
red de carga,20,2,35,2256.860000,0.0000
red de carga,20,2,36,2256.860000,0.0000
red de carga,20,2,37,2256.860000,0.0000
red de carga,20,2,38,2256.860000,0.0000
red de carga,20,2,39,2256.860000,0.0000
red de carga,20,2,40,2256.860000,0.0000
red de carga,20,2,41,2256.860000,0.0000
red de carga,20,2,42,2256.860000,0.0000
red de carga,20,2,43,2256.860000,0.0000
red de carga,20,2,44,2256.860000,0.0000
red de carga,20,2,45,2256.860000,0.0000
red de carga,20,2,46,2256.860000,0.0000
red de carga,20,2,47,2256.860000,0.0000
red de carga,20,2,48,2256.860000,0.0000
red de carga,20,2,49,2256.860000,0.0000
red de carga,20,2,50,2256.860000,0.0000
red de carga,20,2,51,2256.860000,0.0000
red de carga,20,2,52,2256.860000,0.0000
red de carga,20,2,53,2256.860000,0.0000
red de carga,20,2,54,2256.860000,0.0000
red de carga,20,2,55,2256.860000,0.0000
red de carga,20,2,56,2256.860000,0.0000
red de carga,20,2,57,2256.860000,0.0000
red de carga,20,2,58,2256.860000,0.0000
red de carga,20,2,59,2256.860000,0.0000
red de carga,20,2,60,2256.860000,0.0000
red de carga,20,2,61,2256.860000,0.0000
red de carga,20,2,62,2256.860000,0.0000
red de carga,20,2,63,2256.860000,0.0000
red de carga,20,2,64,2256.860000,0.0000
red de carga,20,2,65,2256.860000,0.0000
red de carga,20,2,66,2256.860000,0.0000
red de carga,20,2,67,2256.860000,0.0000
red de carga,20,2,68,2256.860000,0.0000
red de carga,20,2,69,2256.860000,0.0000
red de carga,20,2,70,2256.860000,0.0000
red de carga,20,2,71,2256.860000,0.0000
red de carga,20,2,72,2256.860000,0.0000
red de carga,20,2,73,2256.860000,0.0000
red de carga,20,2,74,2256.860000,0.0000
red de carga,20,2,75,2256.860000,0.0000
red de carga,20,2,76,2256.860000,0.0000
red de carga,20,2,77,2256.860000,0.0000
red de carga,20,2,78,2256.860000,0.0000
red de carga,20,2,79,2256.860000,0.0000
red de carga,20,2,80,2256.860000,0.0000
red de carga,20,2,81,2256.860000,0.0000
red de carga,20,2,82,2256.860000,0.0000
red de carga,20,2,83,2256.860000,0.0000
red de carga,20,2,84,2256.860000,0.0000
red de carga,20,2,85,2256.860000,0.0000
red de carga,20,2,86,2256.860000,0.0000
red de carga,20,2,87,2256.860000,0.0000
red de carga,20,2,88,2256.860000,0.0000
red de carga,20,2,89,2256.860000,0.0000
red de carga,20,2,90,2256.860000,0.0000
red de carga,20,2,91,2256.860000,0.0000
red de carga,20,2,92,2256.860000,0.0000
red de carga,20,2,93,2256.860000,0.0000
red de carga,20,2,94,2256.860000,0.0000
red de carga,20,2,95,2256.860000,0.0000
red de carga,20,2,96,2256.860000,0.0000
red de carga,20,2,97,2256.860000,0.0000
red de carga,20,2,98,2256.860000,0.0000
red de carga,20,2,99,2256.860000,0.0000
red de carga,20,2,100,2256.860000,0.0000
red de carga,20,3,1,2312.760000,0.0000
red de carga,20,3,2,2312.760000,0.0000
red de carga,20,3,3,2312.760000,0.0000
red de carga,20,3,4,2312.760000,0.0000
red de carga,20,3,5,2312.760000,0.0000
red de carga,20,3,6,2312.760000,0.0000
red de carga,20,3,7,2312.760000,0.0000
red de carga,20,3,8,2312.760000,0.0000
red de carga,20,3,9,2312.760000,0.0000
red de carga,20,3,10,2312.760000,0.0000
red de carga,20,3,11,2312.760000,0.0000
red de carga,20,3,12,2312.760000,0.0000
red de carga,20,3,13,2312.760000,0.0000
red de carga,20,3,14,2312.760000,0.0000
red de carga,20,3,15,2312.760000,0.0000
red de carga,20,3,16,2312.760000,0.0000
red de carga,20,3,17,2312.760000,0.0000
red de carga,20,3,18,2312.760000,0.0000
red de carga,20,3,19,2312.760000,0.0000
red de carga,20,3,20,2312.760000,0.0000
red de carga,20,3,21,2312.760000,0.0000
red de carga,20,3,22,2312.760000,0.0000
red de carga,20,3,23,2312.760000,0.0000
red de carga,20,3,24,2312.760000,0.0000
red de carga,20,3,25,2312.760000,-0.0000
red de carga,20,3,26,2312.760000,-0.0000
red de carga,20,3,27,2312.760000,-0.0000
red de carga,20,3,28,2312.760000,-0.0000
red de carga,20,3,29,2312.760000,-0.0000
red de carga,20,3,30,2312.760000,-0.0000
red de carga,20,3,31,2312.760000,-0.0000
red de carga,20,3,32,2312.760000,-0.0000
red de carga,20,3,33,2312.760000,-0.0000
red de carga,20,3,34,2312.760000,-0.0000
red de carga,20,3,35,2312.760000,-0.0000
red de carga,20,3,36,2312.760000,-0.0000
red de carga,20,3,37,2312.760000,-0.0000
red de carga,20,3,38,2312.760000,-0.0000
red de carga,20,3,39,2312.760000,-0.0000
red de carga,20,3,40,2312.760000,-0.0000
red de carga,20,3,41,2312.760000,-0.0000
red de carga,20,3,42,2312.760000,-0.0000
red de carga,20,3,43,2312.760000,-0.0000
red de carga,20,3,44,2312.760000,-0.0000
red de carga,20,3,45,2312.760000,-0.0000
red de carga,20,3,46,2312.760000,-0.0000
red de carga,20,3,47,2312.760000,-0.0000
red de carga,20,3,48,2312.760000,-0.0000
red de carga,20,3,49,2312.760000,-0.0000
red de carga,20,3,50,2312.760000,-0.0000
red de carga,20,3,51,2312.760000,-0.0000
red de carga,20,3,52,2312.760000,-0.0000
red de carga,20,3,53,2312.760000,-0.0000
red de carga,20,3,54,2312.760000,-0.0000
red de carga,20,3,55,2312.760000,-0.0000
red de carga,20,3,56,2312.760000,-0.0000
red de carga,20,3,57,2312.760000,-0.0000
red de carga,20,3,58,2312.760000,-0.0000
red de carga,20,3,59,2312.760000,-0.0000
red de carga,20,3,60,2312.760000,-0.0000
red de carga,20,3,61,2312.760000,-0.0000
red de carga,20,3,62,2312.760000,-0.0000
red de carga,20,3,63,2312.760000,-0.0000
red de carga,20,3,64,2312.760000,-0.0000
red de carga,20,3,65,2312.760000,-0.0000
red de carga,20,3,66,2312.760000,-0.0000
red de carga,20,3,67,2312.760000,-0.0000
red de carga,20,3,68,2312.760000,-0.0000
red de carga,20,3,69,2312.760000,-0.0000
red de carga,20,3,70,2312.760000,-0.0000
red de carga,20,3,71,2312.760000,-0.0000
red de carga,20,3,72,2312.760000,-0.0000
red de carga,20,3,73,2312.760000,-0.0000
red de carga,20,3,74,2312.760000,-0.0000
red de carga,20,3,75,2312.760000,-0.0000
red de carga,20,3,76,2312.760000,-0.0000
red de carga,20,3,77,2312.760000,-0.0000
red de carga,20,3,78,2312.760000,-0.0000
red de carga,20,3,79,2312.760000,-0.0000
red de carga,20,3,80,2312.760000,-0.0000
red de carga,20,3,81,2312.760000,-0.0000
red de carga,20,3,82,2312.760000,-0.0000
red de carga,20,3,83,2312.760000,-0.0000
red de carga,20,3,84,2312.760000,-0.0000
red de carga,20,3,85,2312.760000,-0.0000
red de carga,20,3,86,2312.760000,-0.0000
red de carga,20,3,87,2312.760000,-0.0000
red de carga,20,3,88,2312.760000,-0.0000
red de carga,20,3,89,2312.760000,-0.0000
red de carga,20,3,90,2312.760000,-0.0000
red de carga,20,3,91,2312.760000,-0.0000
red de carga,20,3,92,2312.760000,-0.0000
red de carga,20,3,93,2312.760000,-0.0000
red de carga,20,3,94,2312.760000,-0.0000
red de carga,20,3,95,2312.760000,-0.0000
red de carga,20,3,96,2312.760000,-0.0000
red de carga,20,3,97,2312.760000,-0.0000
red de carga,20,3,98,2312.760000,-0.0000
red de carga,20,3,99,2312.760000,-0.0000
red de carga,20,3,100,2312.760000,-0.0000
red de carga,32,1,1,2851.960000,-0.0000
red de carga,32,1,2,2851.960000,-0.0000
red de carga,32,1,3,2851.960000,-0.0000
red de carga,32,1,4,2851.960000,-0.0000
red de carga,32,1,5,2851.960000,-0.0000
red de carga,32,1,6,2851.960000,-0.0000
red de carga,32,1,7,2851.960000,-0.0000
red de carga,32,1,8,2851.960000,-0.0000
red de carga,32,1,9,2851.960000,-0.0000
red de carga,32,1,10,2851.960000,-0.0000
red de carga,32,1,11,2851.960000,-0.0000
red de carga,32,1,12,2851.960000,-0.0000
red de carga,32,1,13,2851.960000,-0.0000
red de carga,32,1,14,2851.960000,-0.0000
red de carga,32,1,15,2851.960000,-0.0000
red de carga,32,1,16,2851.960000,-0.0000
red de carga,32,1,17,2851.960000,-0.0000
red de carga,32,1,18,2851.960000,-0.0000
red de carga,32,1,19,2851.960000,-0.0000
red de carga,32,1,20,2851.960000,-0.0000
red de carga,32,1,21,2851.960000,-0.0000
red de carga,32,1,22,2851.960000,-0.0000
red de carga,32,1,23,2851.960000,-0.0000
red de carga,32,1,24,2851.960000,-0.0000
red de carga,32,1,25,2851.960000,-0.0000
red de carga,32,1,26,2851.960000,-0.0000
red de carga,32,1,27,2851.960000,-0.0000
red de carga,32,1,28,2851.960000,-0.0000
red de carga,32,1,29,2851.960000,-0.0000
red de carga,32,1,30,2851.960000,-0.0000
red de carga,32,1,31,2851.960000,-0.0000
red de carga,32,1,32,2851.960000,-0.0000
red de carga,32,1,33,2851.960000,-0.0000
red de carga,32,1,34,2851.960000,-0.0000
red de carga,32,1,35,2851.960000,-0.0000
red de carga,32,1,36,2851.960000,-0.0000
red de carga,32,1,37,2851.960000,-0.0000
red de carga,32,1,38,2851.960000,-0.0000
red de carga,32,1,39,2851.960000,-0.0000
red de carga,32,1,40,2851.960000,-0.0000
red de carga,32,1,41,2851.960000,-0.0000
red de carga,32,1,42,2851.960000,-0.0000
red de carga,32,1,43,2851.960000,-0.0000
red de carga,32,1,44,2851.960000,-0.0000
red de carga,32,1,45,2851.960000,-0.0000
red de carga,32,1,46,2851.960000,-0.0000
red de carga,32,1,47,2851.960000,-0.0000
red de carga,32,1,48,2851.960000,-0.0000
red de carga,32,1,49,2851.960000,-0.0000
red de carga,32,1,50,2851.960000,-0.0000
red de carga,32,1,51,2851.960000,-0.0000
red de carga,32,1,52,2851.960000,-0.0000
red de carga,32,1,53,2851.960000,-0.0000
red de carga,32,1,54,2851.960000,-0.0000
red de carga,32,1,55,2851.960000,-0.0000
red de carga,32,1,56,2851.960000,-0.0000
red de carga,32,1,57,2851.960000,-0.0000
red de carga,32,1,58,2851.960000,-0.0000
red de carga,32,1,59,2851.960000,-0.0000
red de carga,32,1,60,2851.960000,-0.0000
red de carga,32,1,61,2851.960000,-0.0000
red de carga,32,1,62,2851.960000,-0.0000
red de carga,32,1,63,2851.960000,-0.0000
red de carga,32,1,64,2851.960000,-0.0000
red de carga,32,1,65,2851.960000,-0.0000
red de carga,32,1,66,2851.960000,-0.0000
red de carga,32,1,67,2851.960000,-0.0000
red de carga,32,1,68,2851.960000,-0.0000
red de carga,32,1,69,2851.960000,-0.0000
red de carga,32,1,70,2851.960000,-0.0000
red de carga,32,1,71,2851.960000,-0.0000
red de carga,32,1,72,2851.960000,-0.0000
red de carga,32,1,73,2851.960000,-0.0000
red de carga,32,1,74,2851.960000,-0.0000
red de carga,32,1,75,2851.960000,-0.0000
red de carga,32,1,76,2851.960000,-0.0000
red de carga,32,1,77,2851.960000,-0.0000
red de carga,32,1,78,2851.960000,-0.0000
red de carga,32,1,79,2851.960000,-0.0000
red de carga,32,1,80,2851.960000,-0.0000
red de carga,32,1,81,2851.960000,-0.0000
red de carga,32,1,82,2851.960000,-0.0000
red de carga,32,1,83,2851.960000,-0.0000
red de carga,32,1,84,2851.960000,-0.0000
red de carga,32,1,85,2851.960000,-0.0000
red de carga,32,1,86,2851.960000,-0.0000
red de carga,32,1,87,2851.960000,-0.0000
red de carga,32,1,88,2851.960000,-0.0000
red de carga,32,1,89,2851.960000,-0.0000
red de carga,32,1,90,2851.960000,-0.0000
red de carga,32,1,91,2851.960000,-0.0000
red de carga,32,1,92,2851.960000,-0.0000
red de carga,32,1,93,2851.960000,-0.0000
red de carga,32,1,94,2851.960000,-0.0000
red de carga,32,1,95,2851.960000,-0.0000
red de carga,32,1,96,2851.960000,-0.0000
red de carga,32,1,97,2851.960000,-0.0000
red de carga,32,1,98,2851.960000,-0.0000
red de carga,32,1,99,2851.960000,-0.0000
red de carga,32,1,100,2851.960000,-0.0000
euclidiana n=20 del taller,20,1,1,4.163158,1.3936
euclidiana n=20 del taller,20,1,2,4.137760,0.7750
euclidiana n=20 del taller,20,1,3,4.122799,0.4107
euclidiana n=20 del taller,20,1,4,4.122799,0.4107
euclidiana n=20 del taller,20,1,5,4.117971,0.2931
euclidiana n=20 del taller,20,1,6,4.117971,0.2931
euclidiana n=20 del taller,20,1,7,4.117971,0.2931
euclidiana n=20 del taller,20,1,8,4.117971,0.2931
euclidiana n=20 del taller,20,1,9,4.117971,0.2931
euclidiana n=20 del taller,20,1,10,4.117971,0.2931
euclidiana n=20 del taller,20,1,11,4.117971,0.2931
euclidiana n=20 del taller,20,1,12,4.117971,0.2931
euclidiana n=20 del taller,20,1,13,4.117971,0.2931
euclidiana n=20 del taller,20,1,14,4.117971,0.2931
euclidiana n=20 del taller,20,1,15,4.117971,0.2931
euclidiana n=20 del taller,20,1,16,4.117971,0.2931
euclidiana n=20 del taller,20,1,17,4.114168,0.2004
euclidiana n=20 del taller,20,1,18,4.114168,0.2004
euclidiana n=20 del taller,20,1,19,4.114168,0.2004
euclidiana n=20 del taller,20,1,20,4.114168,0.2004
euclidiana n=20 del taller,20,1,21,4.114168,0.2004
euclidiana n=20 del taller,20,1,22,4.114168,0.2004
euclidiana n=20 del taller,20,1,23,4.114168,0.2004
euclidiana n=20 del taller,20,1,24,4.114168,0.2004
euclidiana n=20 del taller,20,1,25,4.114168,0.2004
euclidiana n=20 del taller,20,1,26,4.114168,0.2004
euclidiana n=20 del taller,20,1,27,4.114168,0.2004
euclidiana n=20 del taller,20,1,28,4.114168,0.2004
euclidiana n=20 del taller,20,1,29,4.114168,0.2004
euclidiana n=20 del taller,20,1,30,4.114168,0.2004
euclidiana n=20 del taller,20,1,31,4.114168,0.2004
euclidiana n=20 del taller,20,1,32,4.114168,0.2004
euclidiana n=20 del taller,20,1,33,4.114168,0.2004
euclidiana n=20 del taller,20,1,34,4.114168,0.2004
euclidiana n=20 del taller,20,1,35,4.114168,0.2004
euclidiana n=20 del taller,20,1,36,4.114168,0.2004
euclidiana n=20 del taller,20,1,37,4.114168,0.2004
euclidiana n=20 del taller,20,1,38,4.114168,0.2004
euclidiana n=20 del taller,20,1,39,4.114168,0.2004
euclidiana n=20 del taller,20,1,40,4.114168,0.2004
euclidiana n=20 del taller,20,1,41,4.114168,0.2004
euclidiana n=20 del taller,20,1,42,4.114168,0.2004
euclidiana n=20 del taller,20,1,43,4.114168,0.2004
euclidiana n=20 del taller,20,1,44,4.114168,0.2004
euclidiana n=20 del taller,20,1,45,4.114168,0.2004
euclidiana n=20 del taller,20,1,46,4.114168,0.2004
euclidiana n=20 del taller,20,1,47,4.114168,0.2004
euclidiana n=20 del taller,20,1,48,4.114168,0.2004
euclidiana n=20 del taller,20,1,49,4.114168,0.2004
euclidiana n=20 del taller,20,1,50,4.114168,0.2004
euclidiana n=20 del taller,20,1,51,4.114168,0.2004
euclidiana n=20 del taller,20,1,52,4.114168,0.2004
euclidiana n=20 del taller,20,1,53,4.114168,0.2004
euclidiana n=20 del taller,20,1,54,4.114168,0.2004
euclidiana n=20 del taller,20,1,55,4.114168,0.2004
euclidiana n=20 del taller,20,1,56,4.114168,0.2004
euclidiana n=20 del taller,20,1,57,4.114168,0.2004
euclidiana n=20 del taller,20,1,58,4.114168,0.2004
euclidiana n=20 del taller,20,1,59,4.114168,0.2004
euclidiana n=20 del taller,20,1,60,4.114168,0.2004
euclidiana n=20 del taller,20,1,61,4.114168,0.2004
euclidiana n=20 del taller,20,1,62,4.114168,0.2004
euclidiana n=20 del taller,20,1,63,4.114168,0.2004
euclidiana n=20 del taller,20,1,64,4.114168,0.2004
euclidiana n=20 del taller,20,1,65,4.114168,0.2004
euclidiana n=20 del taller,20,1,66,4.114168,0.2004
euclidiana n=20 del taller,20,1,67,4.114168,0.2004
euclidiana n=20 del taller,20,1,68,4.114168,0.2004
euclidiana n=20 del taller,20,1,69,4.114168,0.2004
euclidiana n=20 del taller,20,1,70,4.114168,0.2004
euclidiana n=20 del taller,20,1,71,4.114168,0.2004
euclidiana n=20 del taller,20,1,72,4.114168,0.2004
euclidiana n=20 del taller,20,1,73,4.114168,0.2004
euclidiana n=20 del taller,20,1,74,4.114168,0.2004
euclidiana n=20 del taller,20,1,75,4.114168,0.2004
euclidiana n=20 del taller,20,1,76,4.114168,0.2004
euclidiana n=20 del taller,20,1,77,4.114168,0.2004
euclidiana n=20 del taller,20,1,78,4.114168,0.2004
euclidiana n=20 del taller,20,1,79,4.114168,0.2004
euclidiana n=20 del taller,20,1,80,4.114168,0.2004
euclidiana n=20 del taller,20,1,81,4.114168,0.2004
euclidiana n=20 del taller,20,1,82,4.114168,0.2004
euclidiana n=20 del taller,20,1,83,4.114168,0.2004
euclidiana n=20 del taller,20,1,84,4.114168,0.2004
euclidiana n=20 del taller,20,1,85,4.114168,0.2004
euclidiana n=20 del taller,20,1,86,4.114168,0.2004
euclidiana n=20 del taller,20,1,87,4.114168,0.2004
euclidiana n=20 del taller,20,1,88,4.114168,0.2004
euclidiana n=20 del taller,20,1,89,4.114168,0.2004
euclidiana n=20 del taller,20,1,90,4.114168,0.2004
euclidiana n=20 del taller,20,1,91,4.114168,0.2004
euclidiana n=20 del taller,20,1,92,4.114168,0.2004
euclidiana n=20 del taller,20,1,93,4.114168,0.2004
euclidiana n=20 del taller,20,1,94,4.114168,0.2004
euclidiana n=20 del taller,20,1,95,4.114168,0.2004
euclidiana n=20 del taller,20,1,96,4.114168,0.2004
euclidiana n=20 del taller,20,1,97,4.114168,0.2004
euclidiana n=20 del taller,20,1,98,4.114168,0.2004
euclidiana n=20 del taller,20,1,99,4.114168,0.2004
euclidiana n=20 del taller,20,1,100,4.114168,0.2004
euclidiana n=20 del taller,20,2,1,4.356361,2.0312
euclidiana n=20 del taller,20,2,2,4.316161,1.0896
euclidiana n=20 del taller,20,2,3,4.293112,0.5498
euclidiana n=20 del taller,20,2,4,4.285139,0.3631
euclidiana n=20 del taller,20,2,5,4.279739,0.2366
euclidiana n=20 del taller,20,2,6,4.276372,0.1577
euclidiana n=20 del taller,20,2,7,4.273005,0.0789
euclidiana n=20 del taller,20,2,8,4.273005,0.0789
euclidiana n=20 del taller,20,2,9,4.273005,0.0789
euclidiana n=20 del taller,20,2,10,4.273005,0.0789
euclidiana n=20 del taller,20,2,11,4.273005,0.0789
euclidiana n=20 del taller,20,2,12,4.273005,0.0789
euclidiana n=20 del taller,20,2,13,4.273005,0.0789
euclidiana n=20 del taller,20,2,14,4.273005,0.0789
euclidiana n=20 del taller,20,2,15,4.273005,0.0789
euclidiana n=20 del taller,20,2,16,4.273005,0.0789
euclidiana n=20 del taller,20,2,17,4.273005,0.0789
euclidiana n=20 del taller,20,2,18,4.273005,0.0789
euclidiana n=20 del taller,20,2,19,4.273005,0.0789
euclidiana n=20 del taller,20,2,20,4.273005,0.0789
euclidiana n=20 del taller,20,2,21,4.273005,0.0789
euclidiana n=20 del taller,20,2,22,4.273005,0.0789
euclidiana n=20 del taller,20,2,23,4.273005,0.0789
euclidiana n=20 del taller,20,2,24,4.273005,0.0789
euclidiana n=20 del taller,20,2,25,4.273005,0.0789
euclidiana n=20 del taller,20,2,26,4.273005,0.0789
euclidiana n=20 del taller,20,2,27,4.269638,0.0000
euclidiana n=20 del taller,20,2,28,4.269638,0.0000
euclidiana n=20 del taller,20,2,29,4.269638,0.0000
euclidiana n=20 del taller,20,2,30,4.269638,0.0000
euclidiana n=20 del taller,20,2,31,4.269638,0.0000
euclidiana n=20 del taller,20,2,32,4.269638,0.0000
euclidiana n=20 del taller,20,2,33,4.269638,0.0000
euclidiana n=20 del taller,20,2,34,4.269638,0.0000
euclidiana n=20 del taller,20,2,35,4.269638,0.0000
euclidiana n=20 del taller,20,2,36,4.269638,0.0000
euclidiana n=20 del taller,20,2,37,4.269638,0.0000
euclidiana n=20 del taller,20,2,38,4.269638,0.0000
euclidiana n=20 del taller,20,2,39,4.269638,0.0000
euclidiana n=20 del taller,20,2,40,4.269638,0.0000
euclidiana n=20 del taller,20,2,41,4.269638,0.0000
euclidiana n=20 del taller,20,2,42,4.269638,0.0000
euclidiana n=20 del taller,20,2,43,4.269638,0.0000
euclidiana n=20 del taller,20,2,44,4.269638,0.0000
euclidiana n=20 del taller,20,2,45,4.269638,0.0000
euclidiana n=20 del taller,20,2,46,4.269638,0.0000
euclidiana n=20 del taller,20,2,47,4.269638,0.0000
euclidiana n=20 del taller,20,2,48,4.269638,0.0000
euclidiana n=20 del taller,20,2,49,4.269638,0.0000
euclidiana n=20 del taller,20,2,50,4.269638,0.0000
euclidiana n=20 del taller,20,2,51,4.269638,0.0000
euclidiana n=20 del taller,20,2,52,4.269638,0.0000
euclidiana n=20 del taller,20,2,53,4.269638,0.0000
euclidiana n=20 del taller,20,2,54,4.269638,0.0000
euclidiana n=20 del taller,20,2,55,4.269638,0.0000
euclidiana n=20 del taller,20,2,56,4.269638,0.0000
euclidiana n=20 del taller,20,2,57,4.269638,0.0000
euclidiana n=20 del taller,20,2,58,4.269638,0.0000
euclidiana n=20 del taller,20,2,59,4.269638,0.0000
euclidiana n=20 del taller,20,2,60,4.269638,0.0000
euclidiana n=20 del taller,20,2,61,4.269638,0.0000
euclidiana n=20 del taller,20,2,62,4.269638,0.0000
euclidiana n=20 del taller,20,2,63,4.269638,0.0000
euclidiana n=20 del taller,20,2,64,4.269638,0.0000
euclidiana n=20 del taller,20,2,65,4.269638,0.0000
euclidiana n=20 del taller,20,2,66,4.269638,0.0000
euclidiana n=20 del taller,20,2,67,4.269638,0.0000
euclidiana n=20 del taller,20,2,68,4.269638,0.0000
euclidiana n=20 del taller,20,2,69,4.269638,0.0000
euclidiana n=20 del taller,20,2,70,4.269638,0.0000
euclidiana n=20 del taller,20,2,71,4.269638,0.0000
euclidiana n=20 del taller,20,2,72,4.269638,0.0000
euclidiana n=20 del taller,20,2,73,4.269638,0.0000
euclidiana n=20 del taller,20,2,74,4.269638,0.0000
euclidiana n=20 del taller,20,2,75,4.269638,0.0000
euclidiana n=20 del taller,20,2,76,4.269638,0.0000
euclidiana n=20 del taller,20,2,77,4.269638,0.0000
euclidiana n=20 del taller,20,2,78,4.269638,0.0000
euclidiana n=20 del taller,20,2,79,4.269638,0.0000
euclidiana n=20 del taller,20,2,80,4.269638,0.0000
euclidiana n=20 del taller,20,2,81,4.269638,0.0000
euclidiana n=20 del taller,20,2,82,4.269638,0.0000
euclidiana n=20 del taller,20,2,83,4.269638,0.0000
euclidiana n=20 del taller,20,2,84,4.269638,0.0000
euclidiana n=20 del taller,20,2,85,4.269638,0.0000
euclidiana n=20 del taller,20,2,86,4.269638,0.0000
euclidiana n=20 del taller,20,2,87,4.269638,0.0000
euclidiana n=20 del taller,20,2,88,4.269638,0.0000
euclidiana n=20 del taller,20,2,89,4.269638,0.0000
euclidiana n=20 del taller,20,2,90,4.269638,0.0000
euclidiana n=20 del taller,20,2,91,4.269638,0.0000
euclidiana n=20 del taller,20,2,92,4.269638,0.0000
euclidiana n=20 del taller,20,2,93,4.269638,0.0000
euclidiana n=20 del taller,20,2,94,4.269638,0.0000
euclidiana n=20 del taller,20,2,95,4.269638,0.0000
euclidiana n=20 del taller,20,2,96,4.269638,0.0000
euclidiana n=20 del taller,20,2,97,4.269638,0.0000
euclidiana n=20 del taller,20,2,98,4.269638,0.0000
euclidiana n=20 del taller,20,2,99,4.269638,0.0000
euclidiana n=20 del taller,20,2,100,4.269638,0.0000
euclidiana n=20 del taller,20,3,1,3.540645,0.0929
euclidiana n=20 del taller,20,3,2,3.538455,0.0310
euclidiana n=20 del taller,20,3,3,3.537360,0.0000
euclidiana n=20 del taller,20,3,4,3.537360,0.0000
euclidiana n=20 del taller,20,3,5,3.537360,0.0000
euclidiana n=20 del taller,20,3,6,3.537360,0.0000
euclidiana n=20 del taller,20,3,7,3.537360,0.0000
euclidiana n=20 del taller,20,3,8,3.537360,0.0000
euclidiana n=20 del taller,20,3,9,3.537360,0.0000
euclidiana n=20 del taller,20,3,10,3.537360,0.0000
euclidiana n=20 del taller,20,3,11,3.537360,0.0000
euclidiana n=20 del taller,20,3,12,3.537360,0.0000
euclidiana n=20 del taller,20,3,13,3.537360,0.0000
euclidiana n=20 del taller,20,3,14,3.537360,0.0000
euclidiana n=20 del taller,20,3,15,3.537360,0.0000
euclidiana n=20 del taller,20,3,16,3.537360,0.0000
euclidiana n=20 del taller,20,3,17,3.537360,0.0000
euclidiana n=20 del taller,20,3,18,3.537360,0.0000
euclidiana n=20 del taller,20,3,19,3.537360,0.0000
euclidiana n=20 del taller,20,3,20,3.537360,0.0000
euclidiana n=20 del taller,20,3,21,3.537360,0.0000
euclidiana n=20 del taller,20,3,22,3.537360,0.0000
euclidiana n=20 del taller,20,3,23,3.537360,0.0000
euclidiana n=20 del taller,20,3,24,3.537360,0.0000
euclidiana n=20 del taller,20,3,25,3.537360,0.0000
euclidiana n=20 del taller,20,3,26,3.537360,0.0000
euclidiana n=20 del taller,20,3,27,3.537360,0.0000
euclidiana n=20 del taller,20,3,28,3.537360,0.0000
euclidiana n=20 del taller,20,3,29,3.537360,0.0000
euclidiana n=20 del taller,20,3,30,3.537360,0.0000
euclidiana n=20 del taller,20,3,31,3.537360,0.0000
euclidiana n=20 del taller,20,3,32,3.537360,0.0000
euclidiana n=20 del taller,20,3,33,3.537360,0.0000
euclidiana n=20 del taller,20,3,34,3.537360,0.0000
euclidiana n=20 del taller,20,3,35,3.537360,0.0000
euclidiana n=20 del taller,20,3,36,3.537360,0.0000
euclidiana n=20 del taller,20,3,37,3.537360,0.0000
euclidiana n=20 del taller,20,3,38,3.537360,0.0000
euclidiana n=20 del taller,20,3,39,3.537360,0.0000
euclidiana n=20 del taller,20,3,40,3.537360,0.0000
euclidiana n=20 del taller,20,3,41,3.537360,0.0000
euclidiana n=20 del taller,20,3,42,3.537360,0.0000
euclidiana n=20 del taller,20,3,43,3.537360,0.0000
euclidiana n=20 del taller,20,3,44,3.537360,0.0000
euclidiana n=20 del taller,20,3,45,3.537360,0.0000
euclidiana n=20 del taller,20,3,46,3.537360,0.0000
euclidiana n=20 del taller,20,3,47,3.537360,0.0000
euclidiana n=20 del taller,20,3,48,3.537360,0.0000
euclidiana n=20 del taller,20,3,49,3.537360,0.0000
euclidiana n=20 del taller,20,3,50,3.537360,0.0000
euclidiana n=20 del taller,20,3,51,3.537360,0.0000
euclidiana n=20 del taller,20,3,52,3.537360,0.0000
euclidiana n=20 del taller,20,3,53,3.537360,0.0000
euclidiana n=20 del taller,20,3,54,3.537360,0.0000
euclidiana n=20 del taller,20,3,55,3.537360,0.0000
euclidiana n=20 del taller,20,3,56,3.537360,0.0000
euclidiana n=20 del taller,20,3,57,3.537360,0.0000
euclidiana n=20 del taller,20,3,58,3.537360,0.0000
euclidiana n=20 del taller,20,3,59,3.537360,0.0000
euclidiana n=20 del taller,20,3,60,3.537360,0.0000
euclidiana n=20 del taller,20,3,61,3.537360,0.0000
euclidiana n=20 del taller,20,3,62,3.537360,0.0000
euclidiana n=20 del taller,20,3,63,3.537360,0.0000
euclidiana n=20 del taller,20,3,64,3.537360,0.0000
euclidiana n=20 del taller,20,3,65,3.537360,0.0000
euclidiana n=20 del taller,20,3,66,3.537360,0.0000
euclidiana n=20 del taller,20,3,67,3.537360,0.0000
euclidiana n=20 del taller,20,3,68,3.537360,0.0000
euclidiana n=20 del taller,20,3,69,3.537360,0.0000
euclidiana n=20 del taller,20,3,70,3.537360,0.0000
euclidiana n=20 del taller,20,3,71,3.537360,0.0000
euclidiana n=20 del taller,20,3,72,3.537360,0.0000
euclidiana n=20 del taller,20,3,73,3.537360,0.0000
euclidiana n=20 del taller,20,3,74,3.537360,0.0000
euclidiana n=20 del taller,20,3,75,3.537360,0.0000
euclidiana n=20 del taller,20,3,76,3.537360,0.0000
euclidiana n=20 del taller,20,3,77,3.537360,0.0000
euclidiana n=20 del taller,20,3,78,3.537360,0.0000
euclidiana n=20 del taller,20,3,79,3.537360,0.0000
euclidiana n=20 del taller,20,3,80,3.537360,0.0000
euclidiana n=20 del taller,20,3,81,3.537360,0.0000
euclidiana n=20 del taller,20,3,82,3.537360,0.0000
euclidiana n=20 del taller,20,3,83,3.537360,0.0000
euclidiana n=20 del taller,20,3,84,3.537360,0.0000
euclidiana n=20 del taller,20,3,85,3.537360,0.0000
euclidiana n=20 del taller,20,3,86,3.537360,0.0000
euclidiana n=20 del taller,20,3,87,3.537360,0.0000
euclidiana n=20 del taller,20,3,88,3.537360,0.0000
euclidiana n=20 del taller,20,3,89,3.537360,0.0000
euclidiana n=20 del taller,20,3,90,3.537360,0.0000
euclidiana n=20 del taller,20,3,91,3.537360,0.0000
euclidiana n=20 del taller,20,3,92,3.537360,0.0000
euclidiana n=20 del taller,20,3,93,3.537360,0.0000
euclidiana n=20 del taller,20,3,94,3.537360,0.0000
euclidiana n=20 del taller,20,3,95,3.537360,0.0000
euclidiana n=20 del taller,20,3,96,3.537360,0.0000
euclidiana n=20 del taller,20,3,97,3.537360,0.0000
euclidiana n=20 del taller,20,3,98,3.537360,0.0000
euclidiana n=20 del taller,20,3,99,3.537360,0.0000
euclidiana n=20 del taller,20,3,100,3.537360,0.0000
euclidiana n=20 del taller,20,4,1,4.107414,0.8050
euclidiana n=20 del taller,20,4,2,4.091014,0.4025
euclidiana n=20 del taller,20,4,3,4.091014,0.4025
euclidiana n=20 del taller,20,4,4,4.082814,0.2012
euclidiana n=20 del taller,20,4,5,4.082814,0.2012
euclidiana n=20 del taller,20,4,6,4.082814,0.2012
euclidiana n=20 del taller,20,4,7,4.082814,0.2012
euclidiana n=20 del taller,20,4,8,4.082814,0.2012
euclidiana n=20 del taller,20,4,9,4.082814,0.2012
euclidiana n=20 del taller,20,4,10,4.082814,0.2012
euclidiana n=20 del taller,20,4,11,4.082814,0.2012
euclidiana n=20 del taller,20,4,12,4.082814,0.2012
euclidiana n=20 del taller,20,4,13,4.082814,0.2012
euclidiana n=20 del taller,20,4,14,4.082814,0.2012
euclidiana n=20 del taller,20,4,15,4.082814,0.2012
euclidiana n=20 del taller,20,4,16,4.082814,0.2012
euclidiana n=20 del taller,20,4,17,4.082814,0.2012
euclidiana n=20 del taller,20,4,18,4.074614,0.0000
euclidiana n=20 del taller,20,4,19,4.074614,0.0000
euclidiana n=20 del taller,20,4,20,4.074614,0.0000
euclidiana n=20 del taller,20,4,21,4.074614,0.0000
euclidiana n=20 del taller,20,4,22,4.074614,0.0000
euclidiana n=20 del taller,20,4,23,4.074614,0.0000
euclidiana n=20 del taller,20,4,24,4.074614,0.0000
euclidiana n=20 del taller,20,4,25,4.074614,0.0000
euclidiana n=20 del taller,20,4,26,4.074614,0.0000
euclidiana n=20 del taller,20,4,27,4.074614,0.0000
euclidiana n=20 del taller,20,4,28,4.074614,0.0000
euclidiana n=20 del taller,20,4,29,4.074614,0.0000
euclidiana n=20 del taller,20,4,30,4.074614,0.0000
euclidiana n=20 del taller,20,4,31,4.074614,0.0000
euclidiana n=20 del taller,20,4,32,4.074614,0.0000
euclidiana n=20 del taller,20,4,33,4.074614,0.0000
euclidiana n=20 del taller,20,4,34,4.074614,0.0000
euclidiana n=20 del taller,20,4,35,4.074614,0.0000
euclidiana n=20 del taller,20,4,36,4.074614,0.0000
euclidiana n=20 del taller,20,4,37,4.074614,0.0000
euclidiana n=20 del taller,20,4,38,4.074614,0.0000
euclidiana n=20 del taller,20,4,39,4.074614,0.0000
euclidiana n=20 del taller,20,4,40,4.074614,0.0000
euclidiana n=20 del taller,20,4,41,4.074614,0.0000
euclidiana n=20 del taller,20,4,42,4.074614,0.0000
euclidiana n=20 del taller,20,4,43,4.074614,0.0000
euclidiana n=20 del taller,20,4,44,4.074614,0.0000
euclidiana n=20 del taller,20,4,45,4.074614,0.0000
euclidiana n=20 del taller,20,4,46,4.074614,0.0000
euclidiana n=20 del taller,20,4,47,4.074614,0.0000
euclidiana n=20 del taller,20,4,48,4.074614,0.0000
euclidiana n=20 del taller,20,4,49,4.074614,0.0000
euclidiana n=20 del taller,20,4,50,4.074614,0.0000
euclidiana n=20 del taller,20,4,51,4.074614,0.0000
euclidiana n=20 del taller,20,4,52,4.074614,0.0000
euclidiana n=20 del taller,20,4,53,4.074614,0.0000
euclidiana n=20 del taller,20,4,54,4.074614,0.0000
euclidiana n=20 del taller,20,4,55,4.074614,0.0000
euclidiana n=20 del taller,20,4,56,4.074614,0.0000
euclidiana n=20 del taller,20,4,57,4.074614,0.0000
euclidiana n=20 del taller,20,4,58,4.074614,0.0000
euclidiana n=20 del taller,20,4,59,4.074614,0.0000
euclidiana n=20 del taller,20,4,60,4.074614,0.0000
euclidiana n=20 del taller,20,4,61,4.074614,0.0000
euclidiana n=20 del taller,20,4,62,4.074614,0.0000
euclidiana n=20 del taller,20,4,63,4.074614,0.0000
euclidiana n=20 del taller,20,4,64,4.074614,0.0000
euclidiana n=20 del taller,20,4,65,4.074614,0.0000
euclidiana n=20 del taller,20,4,66,4.074614,0.0000
euclidiana n=20 del taller,20,4,67,4.074614,0.0000
euclidiana n=20 del taller,20,4,68,4.074614,0.0000
euclidiana n=20 del taller,20,4,69,4.074614,0.0000
euclidiana n=20 del taller,20,4,70,4.074614,0.0000
euclidiana n=20 del taller,20,4,71,4.074614,0.0000
euclidiana n=20 del taller,20,4,72,4.074614,0.0000
euclidiana n=20 del taller,20,4,73,4.074614,0.0000
euclidiana n=20 del taller,20,4,74,4.074614,0.0000
euclidiana n=20 del taller,20,4,75,4.074614,0.0000
euclidiana n=20 del taller,20,4,76,4.074614,0.0000
euclidiana n=20 del taller,20,4,77,4.074614,0.0000
euclidiana n=20 del taller,20,4,78,4.074614,0.0000
euclidiana n=20 del taller,20,4,79,4.074614,0.0000
euclidiana n=20 del taller,20,4,80,4.074614,0.0000
euclidiana n=20 del taller,20,4,81,4.074614,0.0000
euclidiana n=20 del taller,20,4,82,4.074614,0.0000
euclidiana n=20 del taller,20,4,83,4.074614,0.0000
euclidiana n=20 del taller,20,4,84,4.074614,0.0000
euclidiana n=20 del taller,20,4,85,4.074614,0.0000
euclidiana n=20 del taller,20,4,86,4.074614,0.0000
euclidiana n=20 del taller,20,4,87,4.074614,0.0000
euclidiana n=20 del taller,20,4,88,4.074614,0.0000
euclidiana n=20 del taller,20,4,89,4.074614,0.0000
euclidiana n=20 del taller,20,4,90,4.074614,0.0000
euclidiana n=20 del taller,20,4,91,4.074614,0.0000
euclidiana n=20 del taller,20,4,92,4.074614,0.0000
euclidiana n=20 del taller,20,4,93,4.074614,0.0000
euclidiana n=20 del taller,20,4,94,4.074614,0.0000
euclidiana n=20 del taller,20,4,95,4.074614,0.0000
euclidiana n=20 del taller,20,4,96,4.074614,0.0000
euclidiana n=20 del taller,20,4,97,4.074614,0.0000
euclidiana n=20 del taller,20,4,98,4.074614,0.0000
euclidiana n=20 del taller,20,4,99,4.074614,0.0000
euclidiana n=20 del taller,20,4,100,4.074614,0.0000
euclidiana n=20 del taller,20,5,1,4.367661,2.3865
euclidiana n=20 del taller,20,5,2,4.318093,1.2245
euclidiana n=20 del taller,20,5,3,4.280282,0.3382
euclidiana n=20 del taller,20,5,4,4.271651,0.1359
euclidiana n=20 del taller,20,5,5,4.268753,0.0679
euclidiana n=20 del taller,20,5,6,4.268753,0.0679
euclidiana n=20 del taller,20,5,7,4.268753,0.0679
euclidiana n=20 del taller,20,5,8,4.265856,0.0000
euclidiana n=20 del taller,20,5,9,4.265856,0.0000
euclidiana n=20 del taller,20,5,10,4.265856,0.0000
euclidiana n=20 del taller,20,5,11,4.265856,0.0000
euclidiana n=20 del taller,20,5,12,4.265856,0.0000
euclidiana n=20 del taller,20,5,13,4.265856,0.0000
euclidiana n=20 del taller,20,5,14,4.265856,0.0000
euclidiana n=20 del taller,20,5,15,4.265856,0.0000
euclidiana n=20 del taller,20,5,16,4.265856,0.0000
euclidiana n=20 del taller,20,5,17,4.265856,0.0000
euclidiana n=20 del taller,20,5,18,4.265856,0.0000
euclidiana n=20 del taller,20,5,19,4.265856,0.0000
euclidiana n=20 del taller,20,5,20,4.265856,0.0000
euclidiana n=20 del taller,20,5,21,4.265856,0.0000
euclidiana n=20 del taller,20,5,22,4.265856,0.0000
euclidiana n=20 del taller,20,5,23,4.265856,0.0000
euclidiana n=20 del taller,20,5,24,4.265856,0.0000
euclidiana n=20 del taller,20,5,25,4.265856,0.0000
euclidiana n=20 del taller,20,5,26,4.265856,0.0000
euclidiana n=20 del taller,20,5,27,4.265856,0.0000
euclidiana n=20 del taller,20,5,28,4.265856,0.0000
euclidiana n=20 del taller,20,5,29,4.265856,0.0000
euclidiana n=20 del taller,20,5,30,4.265856,0.0000
euclidiana n=20 del taller,20,5,31,4.265856,0.0000
euclidiana n=20 del taller,20,5,32,4.265856,0.0000
euclidiana n=20 del taller,20,5,33,4.265856,0.0000
euclidiana n=20 del taller,20,5,34,4.265856,0.0000
euclidiana n=20 del taller,20,5,35,4.265856,0.0000
euclidiana n=20 del taller,20,5,36,4.265856,0.0000
euclidiana n=20 del taller,20,5,37,4.265856,0.0000
euclidiana n=20 del taller,20,5,38,4.265856,0.0000
euclidiana n=20 del taller,20,5,39,4.265856,0.0000
euclidiana n=20 del taller,20,5,40,4.265856,0.0000
euclidiana n=20 del taller,20,5,41,4.265856,0.0000
euclidiana n=20 del taller,20,5,42,4.265856,0.0000
euclidiana n=20 del taller,20,5,43,4.265856,0.0000
euclidiana n=20 del taller,20,5,44,4.265856,0.0000
euclidiana n=20 del taller,20,5,45,4.265856,0.0000
euclidiana n=20 del taller,20,5,46,4.265856,0.0000
euclidiana n=20 del taller,20,5,47,4.265856,0.0000
euclidiana n=20 del taller,20,5,48,4.265856,0.0000
euclidiana n=20 del taller,20,5,49,4.265856,0.0000
euclidiana n=20 del taller,20,5,50,4.265856,0.0000
euclidiana n=20 del taller,20,5,51,4.265856,0.0000
euclidiana n=20 del taller,20,5,52,4.265856,0.0000
euclidiana n=20 del taller,20,5,53,4.265856,0.0000
euclidiana n=20 del taller,20,5,54,4.265856,0.0000
euclidiana n=20 del taller,20,5,55,4.265856,0.0000
euclidiana n=20 del taller,20,5,56,4.265856,0.0000
euclidiana n=20 del taller,20,5,57,4.265856,0.0000
euclidiana n=20 del taller,20,5,58,4.265856,0.0000
euclidiana n=20 del taller,20,5,59,4.265856,0.0000
euclidiana n=20 del taller,20,5,60,4.265856,0.0000
euclidiana n=20 del taller,20,5,61,4.265856,0.0000
euclidiana n=20 del taller,20,5,62,4.265856,0.0000
euclidiana n=20 del taller,20,5,63,4.265856,0.0000
euclidiana n=20 del taller,20,5,64,4.265856,0.0000
euclidiana n=20 del taller,20,5,65,4.265856,0.0000
euclidiana n=20 del taller,20,5,66,4.265856,0.0000
euclidiana n=20 del taller,20,5,67,4.265856,0.0000
euclidiana n=20 del taller,20,5,68,4.265856,0.0000
euclidiana n=20 del taller,20,5,69,4.265856,0.0000
euclidiana n=20 del taller,20,5,70,4.265856,0.0000
euclidiana n=20 del taller,20,5,71,4.265856,0.0000
euclidiana n=20 del taller,20,5,72,4.265856,0.0000
euclidiana n=20 del taller,20,5,73,4.265856,0.0000
euclidiana n=20 del taller,20,5,74,4.265856,0.0000
euclidiana n=20 del taller,20,5,75,4.265856,0.0000
euclidiana n=20 del taller,20,5,76,4.265856,0.0000
euclidiana n=20 del taller,20,5,77,4.265856,0.0000
euclidiana n=20 del taller,20,5,78,4.265856,0.0000
euclidiana n=20 del taller,20,5,79,4.265856,0.0000
euclidiana n=20 del taller,20,5,80,4.265856,0.0000
euclidiana n=20 del taller,20,5,81,4.265856,0.0000
euclidiana n=20 del taller,20,5,82,4.265856,0.0000
euclidiana n=20 del taller,20,5,83,4.265856,0.0000
euclidiana n=20 del taller,20,5,84,4.265856,0.0000
euclidiana n=20 del taller,20,5,85,4.265856,0.0000
euclidiana n=20 del taller,20,5,86,4.265856,0.0000
euclidiana n=20 del taller,20,5,87,4.265856,0.0000
euclidiana n=20 del taller,20,5,88,4.265856,0.0000
euclidiana n=20 del taller,20,5,89,4.265856,0.0000
euclidiana n=20 del taller,20,5,90,4.265856,0.0000
euclidiana n=20 del taller,20,5,91,4.265856,0.0000
euclidiana n=20 del taller,20,5,92,4.265856,0.0000
euclidiana n=20 del taller,20,5,93,4.265856,0.0000
euclidiana n=20 del taller,20,5,94,4.265856,0.0000
euclidiana n=20 del taller,20,5,95,4.265856,0.0000
euclidiana n=20 del taller,20,5,96,4.265856,0.0000
euclidiana n=20 del taller,20,5,97,4.265856,0.0000
euclidiana n=20 del taller,20,5,98,4.265856,0.0000
euclidiana n=20 del taller,20,5,99,4.265856,0.0000
euclidiana n=20 del taller,20,5,100,4.265856,0.0000
euclidiana mayor (sin óptimo exacto),100,1,1,8.162127,5.0693
euclidiana mayor (sin óptimo exacto),100,1,2,8.054462,3.6833
euclidiana mayor (sin óptimo exacto),100,1,3,8.015062,3.1761
euclidiana mayor (sin óptimo exacto),100,1,4,8.001117,2.9966
euclidiana mayor (sin óptimo exacto),100,1,5,7.969546,2.5902
euclidiana mayor (sin óptimo exacto),100,1,6,7.920302,1.9563
euclidiana mayor (sin óptimo exacto),100,1,7,7.899839,1.6929
euclidiana mayor (sin óptimo exacto),100,1,8,7.888153,1.5425
euclidiana mayor (sin óptimo exacto),100,1,9,7.881025,1.4507
euclidiana mayor (sin óptimo exacto),100,1,10,7.855379,1.1206
euclidiana mayor (sin óptimo exacto),100,1,11,7.852900,1.0887
euclidiana mayor (sin óptimo exacto),100,1,12,7.842415,0.9537
euclidiana mayor (sin óptimo exacto),100,1,13,7.806827,0.4956
euclidiana mayor (sin óptimo exacto),100,1,14,7.799511,0.4014
euclidiana mayor (sin óptimo exacto),100,1,15,7.795956,0.3556
euclidiana mayor (sin óptimo exacto),100,1,16,7.785487,0.2209
euclidiana mayor (sin óptimo exacto),100,1,17,7.785487,0.2209
euclidiana mayor (sin óptimo exacto),100,1,18,7.785487,0.2209
euclidiana mayor (sin óptimo exacto),100,1,19,7.784804,0.2121
euclidiana mayor (sin óptimo exacto),100,1,20,7.775991,0.0986
euclidiana mayor (sin óptimo exacto),100,1,21,7.775991,0.0986
euclidiana mayor (sin óptimo exacto),100,1,22,7.767099,-0.0158
euclidiana mayor (sin óptimo exacto),100,1,23,7.767099,-0.0158
euclidiana mayor (sin óptimo exacto),100,1,24,7.767099,-0.0158
euclidiana mayor (sin óptimo exacto),100,1,25,7.767099,-0.0158
euclidiana mayor (sin óptimo exacto),100,1,26,7.767099,-0.0158
euclidiana mayor (sin óptimo exacto),100,1,27,7.767099,-0.0158
euclidiana mayor (sin óptimo exacto),100,1,28,7.758733,-0.1235
euclidiana mayor (sin óptimo exacto),100,1,29,7.758733,-0.1235
euclidiana mayor (sin óptimo exacto),100,1,30,7.758191,-0.1305
euclidiana mayor (sin óptimo exacto),100,1,31,7.758191,-0.1305
euclidiana mayor (sin óptimo exacto),100,1,32,7.756331,-0.1545
euclidiana mayor (sin óptimo exacto),100,1,33,7.756026,-0.1584
euclidiana mayor (sin óptimo exacto),100,1,34,7.755743,-0.1620
euclidiana mayor (sin óptimo exacto),100,1,35,7.755743,-0.1620
euclidiana mayor (sin óptimo exacto),100,1,36,7.755743,-0.1620
euclidiana mayor (sin óptimo exacto),100,1,37,7.755743,-0.1620
euclidiana mayor (sin óptimo exacto),100,1,38,7.755743,-0.1620
euclidiana mayor (sin óptimo exacto),100,1,39,7.755130,-0.1699
euclidiana mayor (sin óptimo exacto),100,1,40,7.755130,-0.1699
euclidiana mayor (sin óptimo exacto),100,1,41,7.755130,-0.1699
euclidiana mayor (sin óptimo exacto),100,1,42,7.755130,-0.1699
euclidiana mayor (sin óptimo exacto),100,1,43,7.755130,-0.1699
euclidiana mayor (sin óptimo exacto),100,1,44,7.755130,-0.1699
euclidiana mayor (sin óptimo exacto),100,1,45,7.755130,-0.1699
euclidiana mayor (sin óptimo exacto),100,1,46,7.755130,-0.1699
euclidiana mayor (sin óptimo exacto),100,1,47,7.755130,-0.1699
euclidiana mayor (sin óptimo exacto),100,1,48,7.755130,-0.1699
euclidiana mayor (sin óptimo exacto),100,1,49,7.755130,-0.1699
euclidiana mayor (sin óptimo exacto),100,1,50,7.755130,-0.1699
euclidiana mayor (sin óptimo exacto),100,1,51,7.755130,-0.1699
euclidiana mayor (sin óptimo exacto),100,1,52,7.755130,-0.1699
euclidiana mayor (sin óptimo exacto),100,1,53,7.755130,-0.1699
euclidiana mayor (sin óptimo exacto),100,1,54,7.755130,-0.1699
euclidiana mayor (sin óptimo exacto),100,1,55,7.755130,-0.1699
euclidiana mayor (sin óptimo exacto),100,1,56,7.755130,-0.1699
euclidiana mayor (sin óptimo exacto),100,1,57,7.755130,-0.1699
euclidiana mayor (sin óptimo exacto),100,1,58,7.755130,-0.1699
euclidiana mayor (sin óptimo exacto),100,1,59,7.755130,-0.1699
euclidiana mayor (sin óptimo exacto),100,1,60,7.755130,-0.1699
euclidiana mayor (sin óptimo exacto),100,1,61,7.755130,-0.1699
euclidiana mayor (sin óptimo exacto),100,1,62,7.755130,-0.1699
euclidiana mayor (sin óptimo exacto),100,1,63,7.755130,-0.1699
euclidiana mayor (sin óptimo exacto),100,1,64,7.755130,-0.1699
euclidiana mayor (sin óptimo exacto),100,1,65,7.755130,-0.1699
euclidiana mayor (sin óptimo exacto),100,1,66,7.755130,-0.1699
euclidiana mayor (sin óptimo exacto),100,1,67,7.755130,-0.1699
euclidiana mayor (sin óptimo exacto),100,1,68,7.755130,-0.1699
euclidiana mayor (sin óptimo exacto),100,1,69,7.755130,-0.1699
euclidiana mayor (sin óptimo exacto),100,1,70,7.755130,-0.1699
euclidiana mayor (sin óptimo exacto),100,1,71,7.755130,-0.1699
euclidiana mayor (sin óptimo exacto),100,1,72,7.755026,-0.1713
euclidiana mayor (sin óptimo exacto),100,1,73,7.755026,-0.1713
euclidiana mayor (sin óptimo exacto),100,1,74,7.755026,-0.1713
euclidiana mayor (sin óptimo exacto),100,1,75,7.755026,-0.1713
euclidiana mayor (sin óptimo exacto),100,1,76,7.755026,-0.1713
euclidiana mayor (sin óptimo exacto),100,1,77,7.755026,-0.1713
euclidiana mayor (sin óptimo exacto),100,1,78,7.755026,-0.1713
euclidiana mayor (sin óptimo exacto),100,1,79,7.755026,-0.1713
euclidiana mayor (sin óptimo exacto),100,1,80,7.755026,-0.1713
euclidiana mayor (sin óptimo exacto),100,1,81,7.755026,-0.1713
euclidiana mayor (sin óptimo exacto),100,1,82,7.755026,-0.1713
euclidiana mayor (sin óptimo exacto),100,1,83,7.755026,-0.1713
euclidiana mayor (sin óptimo exacto),100,1,84,7.755026,-0.1713
euclidiana mayor (sin óptimo exacto),100,1,85,7.755026,-0.1713
euclidiana mayor (sin óptimo exacto),100,1,86,7.755026,-0.1713
euclidiana mayor (sin óptimo exacto),100,1,87,7.755026,-0.1713
euclidiana mayor (sin óptimo exacto),100,1,88,7.755026,-0.1713
euclidiana mayor (sin óptimo exacto),100,1,89,7.755026,-0.1713
euclidiana mayor (sin óptimo exacto),100,1,90,7.755026,-0.1713
euclidiana mayor (sin óptimo exacto),100,1,91,7.755026,-0.1713
euclidiana mayor (sin óptimo exacto),100,1,92,7.755026,-0.1713
euclidiana mayor (sin óptimo exacto),100,1,93,7.755026,-0.1713
euclidiana mayor (sin óptimo exacto),100,1,94,7.755026,-0.1713
euclidiana mayor (sin óptimo exacto),100,1,95,7.755026,-0.1713
euclidiana mayor (sin óptimo exacto),100,1,96,7.755026,-0.1713
euclidiana mayor (sin óptimo exacto),100,1,97,7.755026,-0.1713
euclidiana mayor (sin óptimo exacto),100,1,98,7.755026,-0.1713
euclidiana mayor (sin óptimo exacto),100,1,99,7.755026,-0.1713
euclidiana mayor (sin óptimo exacto),100,1,100,7.755026,-0.1713
euclidiana mayor (sin óptimo exacto),200,1,1,11.566434,2.9354
euclidiana mayor (sin óptimo exacto),200,1,2,11.496559,2.3135
euclidiana mayor (sin óptimo exacto),200,1,3,11.444499,1.8502
euclidiana mayor (sin óptimo exacto),200,1,4,11.417313,1.6083
euclidiana mayor (sin óptimo exacto),200,1,5,11.397371,1.4308
euclidiana mayor (sin óptimo exacto),200,1,6,11.337215,0.8954
euclidiana mayor (sin óptimo exacto),200,1,7,11.323065,0.7695
euclidiana mayor (sin óptimo exacto),200,1,8,11.314544,0.6937
euclidiana mayor (sin óptimo exacto),200,1,9,11.269208,0.2902
euclidiana mayor (sin óptimo exacto),200,1,10,11.254627,0.1604
euclidiana mayor (sin óptimo exacto),200,1,11,11.248760,0.1082
euclidiana mayor (sin óptimo exacto),200,1,12,11.236950,0.0031
euclidiana mayor (sin óptimo exacto),200,1,13,11.229924,-0.0594
euclidiana mayor (sin óptimo exacto),200,1,14,11.217068,-0.1738
euclidiana mayor (sin óptimo exacto),200,1,15,11.217002,-0.1744
euclidiana mayor (sin óptimo exacto),200,1,16,11.201957,-0.3083
euclidiana mayor (sin óptimo exacto),200,1,17,11.182183,-0.4843
euclidiana mayor (sin óptimo exacto),200,1,18,11.182183,-0.4843
euclidiana mayor (sin óptimo exacto),200,1,19,11.182183,-0.4843
euclidiana mayor (sin óptimo exacto),200,1,20,11.170621,-0.5872
euclidiana mayor (sin óptimo exacto),200,1,21,11.170621,-0.5872
euclidiana mayor (sin óptimo exacto),200,1,22,11.167907,-0.6113
euclidiana mayor (sin óptimo exacto),200,1,23,11.167440,-0.6155
euclidiana mayor (sin óptimo exacto),200,1,24,11.167273,-0.6170
euclidiana mayor (sin óptimo exacto),200,1,25,11.167273,-0.6170
euclidiana mayor (sin óptimo exacto),200,1,26,11.144965,-0.8155
euclidiana mayor (sin óptimo exacto),200,1,27,11.143742,-0.8264
euclidiana mayor (sin óptimo exacto),200,1,28,11.135790,-0.8971
euclidiana mayor (sin óptimo exacto),200,1,29,11.135790,-0.8971
euclidiana mayor (sin óptimo exacto),200,1,30,11.135790,-0.8971
euclidiana mayor (sin óptimo exacto),200,1,31,11.131263,-0.9374
euclidiana mayor (sin óptimo exacto),200,1,32,11.131263,-0.9374
euclidiana mayor (sin óptimo exacto),200,1,33,11.131263,-0.9374
euclidiana mayor (sin óptimo exacto),200,1,34,11.130156,-0.9473
euclidiana mayor (sin óptimo exacto),200,1,35,11.128248,-0.9643
euclidiana mayor (sin óptimo exacto),200,1,36,11.128248,-0.9643
euclidiana mayor (sin óptimo exacto),200,1,37,11.127799,-0.9683
euclidiana mayor (sin óptimo exacto),200,1,38,11.123819,-1.0037
euclidiana mayor (sin óptimo exacto),200,1,39,11.123819,-1.0037
euclidiana mayor (sin óptimo exacto),200,1,40,11.123819,-1.0037
euclidiana mayor (sin óptimo exacto),200,1,41,11.122517,-1.0153
euclidiana mayor (sin óptimo exacto),200,1,42,11.122517,-1.0153
euclidiana mayor (sin óptimo exacto),200,1,43,11.122517,-1.0153
euclidiana mayor (sin óptimo exacto),200,1,44,11.122517,-1.0153
euclidiana mayor (sin óptimo exacto),200,1,45,11.117678,-1.0583
euclidiana mayor (sin óptimo exacto),200,1,46,11.109878,-1.1277
euclidiana mayor (sin óptimo exacto),200,1,47,11.107680,-1.1473
euclidiana mayor (sin óptimo exacto),200,1,48,11.107680,-1.1473
euclidiana mayor (sin óptimo exacto),200,1,49,11.107680,-1.1473
euclidiana mayor (sin óptimo exacto),200,1,50,11.089613,-1.3081
euclidiana mayor (sin óptimo exacto),200,1,51,11.089613,-1.3081
euclidiana mayor (sin óptimo exacto),200,1,52,11.088742,-1.3159
euclidiana mayor (sin óptimo exacto),200,1,53,11.088742,-1.3159
euclidiana mayor (sin óptimo exacto),200,1,54,11.088742,-1.3159
euclidiana mayor (sin óptimo exacto),200,1,55,11.088742,-1.3159
euclidiana mayor (sin óptimo exacto),200,1,56,11.088742,-1.3159
euclidiana mayor (sin óptimo exacto),200,1,57,11.088742,-1.3159
euclidiana mayor (sin óptimo exacto),200,1,58,11.088742,-1.3159
euclidiana mayor (sin óptimo exacto),200,1,59,11.088742,-1.3159
euclidiana mayor (sin óptimo exacto),200,1,60,11.086615,-1.3348
euclidiana mayor (sin óptimo exacto),200,1,61,11.086615,-1.3348
euclidiana mayor (sin óptimo exacto),200,1,62,11.086615,-1.3348
euclidiana mayor (sin óptimo exacto),200,1,63,11.086615,-1.3348
euclidiana mayor (sin óptimo exacto),200,1,64,11.086200,-1.3385
euclidiana mayor (sin óptimo exacto),200,1,65,11.082304,-1.3731
euclidiana mayor (sin óptimo exacto),200,1,66,11.082304,-1.3731
euclidiana mayor (sin óptimo exacto),200,1,67,11.082304,-1.3731
euclidiana mayor (sin óptimo exacto),200,1,68,11.082304,-1.3731
euclidiana mayor (sin óptimo exacto),200,1,69,11.082304,-1.3731
euclidiana mayor (sin óptimo exacto),200,1,70,11.082304,-1.3731
euclidiana mayor (sin óptimo exacto),200,1,71,11.082304,-1.3731
euclidiana mayor (sin óptimo exacto),200,1,72,11.082304,-1.3731
euclidiana mayor (sin óptimo exacto),200,1,73,11.082304,-1.3731
euclidiana mayor (sin óptimo exacto),200,1,74,11.082304,-1.3731
euclidiana mayor (sin óptimo exacto),200,1,75,11.082304,-1.3731
euclidiana mayor (sin óptimo exacto),200,1,76,11.082304,-1.3731
euclidiana mayor (sin óptimo exacto),200,1,77,11.082304,-1.3731
euclidiana mayor (sin óptimo exacto),200,1,78,11.082304,-1.3731
euclidiana mayor (sin óptimo exacto),200,1,79,11.082304,-1.3731
euclidiana mayor (sin óptimo exacto),200,1,80,11.082304,-1.3731
euclidiana mayor (sin óptimo exacto),200,1,81,11.082304,-1.3731
euclidiana mayor (sin óptimo exacto),200,1,82,11.082304,-1.3731
euclidiana mayor (sin óptimo exacto),200,1,83,11.082304,-1.3731
euclidiana mayor (sin óptimo exacto),200,1,84,11.082304,-1.3731
euclidiana mayor (sin óptimo exacto),200,1,85,11.082304,-1.3731
euclidiana mayor (sin óptimo exacto),200,1,86,11.082304,-1.3731
euclidiana mayor (sin óptimo exacto),200,1,87,11.082304,-1.3731
euclidiana mayor (sin óptimo exacto),200,1,88,11.082304,-1.3731
euclidiana mayor (sin óptimo exacto),200,1,89,11.082304,-1.3731
euclidiana mayor (sin óptimo exacto),200,1,90,11.082304,-1.3731
euclidiana mayor (sin óptimo exacto),200,1,91,11.082304,-1.3731
euclidiana mayor (sin óptimo exacto),200,1,92,11.079265,-1.4002
euclidiana mayor (sin óptimo exacto),200,1,93,11.079265,-1.4002
euclidiana mayor (sin óptimo exacto),200,1,94,11.079265,-1.4002
euclidiana mayor (sin óptimo exacto),200,1,95,11.079265,-1.4002
euclidiana mayor (sin óptimo exacto),200,1,96,11.079265,-1.4002
euclidiana mayor (sin óptimo exacto),200,1,97,11.079265,-1.4002
euclidiana mayor (sin óptimo exacto),200,1,98,11.079265,-1.4002
euclidiana mayor (sin óptimo exacto),200,1,99,11.079265,-1.4002
euclidiana mayor (sin óptimo exacto),200,1,100,11.079265,-1.4002
