nodo,fuente_coordenada,separacion_km
Barbosa,DANE,0.79
Bogotá,DANE,8.50
Bucaramanga,DANE,3.93
Cajicá,DANE,2.14
Cambao,DANE,0.84
Chiquinquirá,DANE,1.69
Chocontá,DANE,1.26
Cuestaboba,INVÍAS,0.000
Duitama,DANE,0.39
El Espinal,DANE,1.71
Fusagasugá,DANE,1.57
Girardot,DANE,2.93
Granada,DANE,0.86
Guasca,DANE,0.34
Honda,DANE,1.89
La Palmera,INVÍAS,0.000
Madrid,DANE,3.70
Mariquita,DANE,0.07
Mosquera,DANE,159.93
Pamplona,DANE,0.29
Presidente,DANE,0.13
Puente Nacional,DANE,0.84
Puerto Gaitán,DANE,0.37
Puerto López,DANE,1.33
San Gil,DANE,0.30
Sáchica,DANE,4.55
Tocancipá,DANE,0.92
Tunja,DANE,1.68
Ubaté,DANE,0.55
Villavicencio,DANE,2.15
Villeta,DANE,1.27
Ye de Granada,INVÍAS,0.000
Zipaquirá,DANE,1.26
